2025-09-24 10:19:32,867 [INFO] Activator:176 - 


2025-09-24 10:19:32,868 [INFO] Activator:177 - !SESSION log4j initialized
2025-09-24 10:19:34,584 [ERROR] LogOutputStream:75 - [STDERR_REDIRECT] 
2025-09-24 10:19:36,582 [INFO] LogOutputStream:77 - [STDOUT_REDIRECT] 
2025-09-24 10:19:38,371 [INFO] ApplicationProperties:184 - Using Application install path: /Applications/STM32CubeIDE.app/Contents/Eclipse/plugins/com.st.stm32cube.common.mx_6.15.0.202507011659
2025-09-24 10:19:38,384 [INFO] DbMcusXml:78 - Set database path to: /Applications/STM32CubeIDE.app/Contents/Eclipse/plugins/com.st.stm32cube.common.mx_6.15.0.202507011659//db//mcu/
2025-09-24 10:19:38,384 [INFO] ApiDb:274 - Set plugin database path to: /Applications/STM32CubeIDE.app/Contents/Eclipse/plugins/com.st.stm32cube.common.mx_6.15.0.202507011659//db//plugins/boardmanager/
2025-09-24 10:19:38,384 [WARN] ApiDb:259 - Overriding images path with different value:  => /Applications/STM32CubeIDE.app/Contents/Eclipse/plugins/com.st.stm32cube.common.mx_6.15.0.202507011659//db//plugins/mcufinder/images/
2025-09-24 10:19:38,390 [INFO] ApiDb:250 - Set database path to: /Users/khanh/.stmcufinder/plugins/mcufinder//mcu/
2025-09-24 10:19:38,391 [INFO] DbMcusAds:125 - Set database path to: /Users/khanh/.stmcufinder/plugins/mcufinder//mcu/
2025-09-24 10:19:38,392 [INFO] CrossReferenceDbSqlite:203 - Set database path to: /Users/khanh/.stmcufinder/plugins/mcufinder//mcu/cs/
2025-09-24 10:19:38,527 [INFO] RulesReader:64 - Compatibility file has been processed (317 Rules)
2025-09-24 10:19:38,574 [INFO] DbMcusXml:78 - Set database path to: /Applications/STM32CubeIDE.app/Contents/Eclipse/plugins/com.st.stm32cube.common.mx_6.15.0.202507011659//db//mcu/
2025-09-24 10:19:38,574 [INFO] ApiDb:274 - Set plugin database path to: /Applications/STM32CubeIDE.app/Contents/Eclipse/plugins/com.st.stm32cube.common.mx_6.15.0.202507011659//db//plugins/boardmanager/
2025-09-24 10:19:38,574 [INFO] ApiDb:261 - Set plugin images path to: /Applications/STM32CubeIDE.app/Contents/Eclipse/plugins/com.st.stm32cube.common.mx_6.15.0.202507011659//db//plugins/mcufinder/images/
2025-09-24 10:19:38,574 [WARN] DbFile:41 - Overriding database path with different value: /Users/khanh/.stmcufinder/plugins/mcufinder/ => /Users/khanh/.stmcufinder/plugins/mcufinder
2025-09-24 10:19:38,574 [INFO] ApiDb:250 - Set database path to: /Users/khanh/.stmcufinder/plugins/mcufinder//mcu/
2025-09-24 10:19:38,574 [WARN] DbFile:41 - Overriding database path with different value: /Users/khanh/.stmcufinder/plugins/mcufinder/ => /Users/khanh/.stmcufinder/plugins/mcufinder
2025-09-24 10:19:38,574 [INFO] DbMcusAds:125 - Set database path to: /Users/khanh/.stmcufinder/plugins/mcufinder//mcu/
2025-09-24 10:19:38,575 [WARN] DbFile:41 - Overriding database path with different value: /Users/khanh/.stmcufinder/plugins/mcufinder/ => /Users/khanh/.stmcufinder/plugins/mcufinder
2025-09-24 10:19:38,575 [WARN] DbFile:41 - Overriding database path with different value: /Users/khanh/.stmcufinder/plugins/mcufinder/ => /Users/khanh/.stmcufinder/plugins/mcufinder
2025-09-24 10:19:38,575 [INFO] CrossReferenceDbSqlite:203 - Set database path to: /Users/khanh/.stmcufinder/plugins/mcufinder//mcu/cs/
2025-09-24 10:19:38,650 [INFO] MainPanel:274 - HeapMemory: 292552704
2025-09-24 10:19:39,089 [INFO] DbMcusXml:78 - Set database path to: /Applications/STM32CubeIDE.app/Contents/Eclipse/plugins/com.st.stm32cube.common.mx_6.15.0.202507011659//db//mcu/
2025-09-24 10:19:39,089 [INFO] ApiDb:274 - Set plugin database path to: /Applications/STM32CubeIDE.app/Contents/Eclipse/plugins/com.st.stm32cube.common.mx_6.15.0.202507011659//db//plugins/boardmanager/
2025-09-24 10:19:39,089 [INFO] ApiDb:261 - Set plugin images path to: /Applications/STM32CubeIDE.app/Contents/Eclipse/plugins/com.st.stm32cube.common.mx_6.15.0.202507011659//db//plugins/mcufinder/images/
2025-09-24 10:19:39,090 [WARN] DbFile:41 - Overriding database path with different value: /Users/khanh/.stmcufinder/plugins/mcufinder/ => /Users/khanh/.stmcufinder/plugins/mcufinder
2025-09-24 10:19:39,090 [INFO] ApiDb:250 - Set database path to: /Users/khanh/.stmcufinder/plugins/mcufinder//mcu/
2025-09-24 10:19:39,090 [WARN] DbFile:41 - Overriding database path with different value: /Users/khanh/.stmcufinder/plugins/mcufinder/ => /Users/khanh/.stmcufinder/plugins/mcufinder
2025-09-24 10:19:39,090 [INFO] DbMcusAds:125 - Set database path to: /Users/khanh/.stmcufinder/plugins/mcufinder//mcu/
2025-09-24 10:19:39,090 [WARN] DbFile:41 - Overriding database path with different value: /Users/khanh/.stmcufinder/plugins/mcufinder/ => /Users/khanh/.stmcufinder/plugins/mcufinder
2025-09-24 10:19:39,090 [WARN] DbFile:41 - Overriding database path with different value: /Users/khanh/.stmcufinder/plugins/mcufinder/ => /Users/khanh/.stmcufinder/plugins/mcufinder
2025-09-24 10:19:39,090 [INFO] CrossReferenceDbSqlite:203 - Set database path to: /Users/khanh/.stmcufinder/plugins/mcufinder//mcu/cs/
2025-09-24 10:19:39,294 [INFO] ApplicationProperties:184 - Using Application install path: /Applications/STM32CubeIDE.app/Contents/Eclipse/plugins/com.st.stm32cube.common.mx_6.15.0.202507011659
2025-09-24 10:19:39,300 [INFO] PluginManage:196 - Search for loadable plugins [exclusion list=, ]
2025-09-24 10:19:39,306 [INFO] PluginManage:310 - Check plugin analytics
2025-09-24 10:19:39,650 [INFO] AnalyticsPlugin:253 - Accepted Software Licenses: 
2025-09-24 10:19:39,652 [INFO] AnalyticsPlugin:255 - Accepted CMSIS Pack Licenses: 
2025-09-24 10:19:39,652 [INFO] AnalyticsPlugin:257 - Accepted Firmware Licenses: 
2025-09-24 10:19:39,668 [INFO] PluginManage:359 - Loaded plugin analytics (category:tool,tabindex:-1)
2025-09-24 10:19:39,673 [INFO] PluginManage:310 - Check plugin cadmodel
2025-09-24 10:19:39,695 [INFO] CADModel:105 - Init CAD model plugin
2025-09-24 10:19:39,695 [INFO] PluginManage:359 - Loaded plugin cadmodel (category:power,tabindex:5)
2025-09-24 10:19:39,696 [INFO] PluginManage:310 - Check plugin clock
2025-09-24 10:19:39,703 [INFO] PluginManage:359 - Loaded plugin clock (category:base,tabindex:2)
2025-09-24 10:19:39,703 [INFO] PluginManage:310 - Check plugin ddr
2025-09-24 10:19:39,705 [INFO] PluginManage:359 - Loaded plugin ddr (category:tool,tabindex:6)
2025-09-24 10:19:39,705 [INFO] PluginManage:310 - Check plugin filemanager
2025-09-24 10:19:39,847 [INFO] PluginManage:359 - Loaded plugin filemanager (category:base,tabindex:10)
2025-09-24 10:19:39,848 [INFO] PluginManage:310 - Check plugin ipmanager
2025-09-24 10:19:39,854 [INFO] PluginManage:359 - Loaded plugin ipmanager (category:base,tabindex:5)
2025-09-24 10:19:39,854 [INFO] PluginManage:310 - Check plugin lpbam
2025-09-24 10:19:39,861 [INFO] PluginManage:359 - Loaded plugin lpbam (category:base,tabindex:0)
2025-09-24 10:19:39,861 [INFO] PluginManage:310 - Check plugin memorymap
2025-09-24 10:19:39,870 [INFO] PluginManage:359 - Loaded plugin memorymap (category:base,tabindex:4)
2025-09-24 10:19:39,871 [INFO] PluginManage:310 - Check plugin pinoutandconfiguration
2025-09-24 10:19:39,876 [INFO] PluginManage:359 - Loaded plugin pinoutandconfiguration (category:base,tabindex:1)
2025-09-24 10:19:39,876 [INFO] PluginManage:310 - Check plugin pinoutconfig
2025-09-24 10:19:39,953 [WARN] SupportedApi:132 - Cannot load RTOS API schema: s4s-elt-must-match.1: The content of 'definitions' must match (annotation?, (simpleType | complexType)?, (unique | key | keyref)*)). A problem was found starting at: attribute.
2025-09-24 10:19:40,087 [INFO] PluginManage:359 - Loaded plugin pinoutconfig (category:base,tabindex:0)
2025-09-24 10:19:40,088 [INFO] PluginManage:310 - Check plugin power
2025-09-24 10:19:40,100 [INFO] PluginManage:359 - Loaded plugin power (category:power,tabindex:4)
2025-09-24 10:19:40,100 [INFO] PluginManage:310 - Check plugin projectmanager
2025-09-24 10:19:40,124 [INFO] PluginManage:359 - Loaded plugin projectmanager (category:projectmanager,tabindex:4)
2025-09-24 10:19:40,124 [INFO] PluginManage:310 - Check plugin rif
2025-09-24 10:19:40,130 [INFO] PluginManage:359 - Loaded plugin rif (category:base,tabindex:3)
2025-09-24 10:19:40,130 [INFO] PluginManage:310 - Check plugin thirdparty
2025-09-24 10:19:40,269 [INFO] PluginManage:359 - Loaded plugin thirdparty (category:base,tabindex:-1)
2025-09-24 10:19:40,269 [WARN] IntegrityCheckThread:84 - waiting for thirdparty lock release [integrity check]
2025-09-24 10:19:40,269 [INFO] PluginManage:310 - Check plugin tools
2025-09-24 10:19:40,270 [INFO] IntegrityCheckThread:86 - entering critical section [integrity check]
2025-09-24 10:19:40,270 [INFO] ThirdPartyUpdaterWithRetryManager:70 - Updater plugin not ready yet. [1/15]
2025-09-24 10:19:40,272 [INFO] PluginManage:359 - Loaded plugin tools (category:base,tabindex:7)
2025-09-24 10:19:40,273 [INFO] PluginManage:310 - Check plugin tutovideos
2025-09-24 10:19:40,451 [INFO] PluginManage:359 - Loaded plugin tutovideos (category:base,tabindex:-1)
2025-09-24 10:19:40,452 [INFO] PluginManage:310 - Check plugin updater
2025-09-24 10:19:40,491 [INFO] PluginManage:359 - Loaded plugin updater (category:base,tabindex:12)
2025-09-24 10:19:40,491 [INFO] PluginManage:310 - Check plugin userauth
2025-09-24 10:19:40,498 [INFO] UserAuth:118 - Init User Auth plugin
2025-09-24 10:19:40,500 [INFO] PluginManage:359 - Loaded plugin userauth (category:base,tabindex:14)
2025-09-24 10:19:40,501 [INFO] PluginManage:283 - PluginManage : Loaded plugins [18]
2025-09-24 10:19:40,820 [INFO] PinOutPanel:1589 - setPackage(No Configuration,No Configuration)
2025-09-24 10:19:40,901 [INFO] CADModel:165 - CPN selected for project level
2025-09-24 10:19:40,901 [INFO] CADModel:114 - Register for checkConnection events
2025-09-24 10:19:40,910 [INFO] IPUIPlugin:80 - create IPUIPlugin
2025-09-24 10:19:40,911 [INFO] PluginManager:220 - loadIPPluginJar : add mdma
2025-09-24 10:19:40,916 [INFO] IPUIPlugin:80 - create IPUIPlugin
2025-09-24 10:19:40,916 [INFO] PluginManager:220 - loadIPPluginJar : add freertos
2025-09-24 10:19:40,919 [INFO] IPUIPlugin:80 - create IPUIPlugin
2025-09-24 10:19:40,920 [INFO] PluginManager:220 - loadIPPluginJar : add gic
2025-09-24 10:19:40,926 [INFO] IPUIPlugin:80 - create IPUIPlugin
2025-09-24 10:19:40,926 [INFO] PluginManager:220 - loadIPPluginJar : add adc
2025-09-24 10:19:40,927 [INFO] IPUIPlugin:80 - create IPUIPlugin
2025-09-24 10:19:40,928 [INFO] PluginManager:220 - loadIPPluginJar : add gtzc
2025-09-24 10:19:40,929 [INFO] IPUIPlugin:80 - create IPUIPlugin
2025-09-24 10:19:40,929 [INFO] PluginManager:220 - loadIPPluginJar : add quadspi
2025-09-24 10:19:40,930 [INFO] IPUIPlugin:80 - create IPUIPlugin
2025-09-24 10:19:40,930 [INFO] PluginManager:220 - loadIPPluginJar : add aes
2025-09-24 10:19:40,932 [INFO] IPUIPlugin:80 - create IPUIPlugin
2025-09-24 10:19:40,932 [INFO] PluginManager:220 - loadIPPluginJar : add pdm2pcm
2025-09-24 10:19:40,933 [INFO] IPUIPlugin:80 - create IPUIPlugin
2025-09-24 10:19:40,933 [INFO] PluginManager:220 - loadIPPluginJar : add hash
2025-09-24 10:19:40,934 [INFO] IPUIPlugin:80 - create IPUIPlugin
2025-09-24 10:19:40,934 [INFO] PluginManager:220 - loadIPPluginJar : add tim
2025-09-24 10:19:40,934 [INFO] IPUIPlugin:80 - create IPUIPlugin
2025-09-24 10:19:40,935 [INFO] PluginManager:220 - loadIPPluginJar : add tsc
2025-09-24 10:19:40,936 [INFO] IPUIPlugin:80 - create IPUIPlugin
2025-09-24 10:19:40,936 [INFO] PluginManager:220 - loadIPPluginJar : add extmemmanager
2025-09-24 10:19:40,937 [INFO] IPUIPlugin:80 - create IPUIPlugin
2025-09-24 10:19:40,937 [INFO] PluginManager:220 - loadIPPluginJar : add ts
2025-09-24 10:19:40,938 [INFO] IPUIPlugin:80 - create IPUIPlugin
2025-09-24 10:19:40,938 [INFO] PluginManager:220 - loadIPPluginJar : add radio
2025-09-24 10:19:40,939 [INFO] IPUIPlugin:80 - create IPUIPlugin
2025-09-24 10:19:40,939 [INFO] PluginManager:220 - loadIPPluginJar : add can
2025-09-24 10:19:40,941 [INFO] IPUIPlugin:80 - create IPUIPlugin
2025-09-24 10:19:40,941 [INFO] PluginManager:220 - loadIPPluginJar : add dma3
2025-09-24 10:19:40,943 [INFO] IPUIPlugin:80 - create IPUIPlugin
2025-09-24 10:19:40,943 [INFO] PluginManager:220 - loadIPPluginJar : add dfsdm
2025-09-24 10:19:40,944 [INFO] IPUIPlugin:80 - create IPUIPlugin
2025-09-24 10:19:40,944 [INFO] PluginManager:220 - loadIPPluginJar : add spi
2025-09-24 10:19:40,944 [INFO] IPUIPlugin:80 - create IPUIPlugin
2025-09-24 10:19:40,944 [INFO] PluginManager:220 - loadIPPluginJar : add gfxmmu
2025-09-24 10:19:40,945 [INFO] IPUIPlugin:80 - create IPUIPlugin
2025-09-24 10:19:40,946 [INFO] PluginManager:220 - loadIPPluginJar : add genericplugin
2025-09-24 10:19:40,947 [INFO] IPUIPlugin:80 - create IPUIPlugin
2025-09-24 10:19:40,948 [INFO] PluginManager:220 - loadIPPluginJar : add cryp
2025-09-24 10:19:40,950 [INFO] IPUIPlugin:80 - create IPUIPlugin
2025-09-24 10:19:40,950 [INFO] PluginManager:220 - loadIPPluginJar : add gpio
2025-09-24 10:19:40,952 [INFO] IPUIPlugin:80 - create IPUIPlugin
2025-09-24 10:19:40,952 [INFO] PluginManager:220 - loadIPPluginJar : add ddr_ctrl_phy
2025-09-24 10:19:40,953 [INFO] IPUIPlugin:80 - create IPUIPlugin
2025-09-24 10:19:40,953 [INFO] PluginManager:220 - loadIPPluginJar : add comp
2025-09-24 10:19:40,955 [INFO] IPUIPlugin:80 - create IPUIPlugin
2025-09-24 10:19:40,955 [INFO] PluginManager:220 - loadIPPluginJar : add tracer_emb
2025-09-24 10:19:40,960 [INFO] IPUIPlugin:80 - create IPUIPlugin
2025-09-24 10:19:40,960 [INFO] PluginManager:220 - loadIPPluginJar : add openamp
2025-09-24 10:19:40,964 [INFO] IPUIPlugin:80 - create IPUIPlugin
2025-09-24 10:19:40,964 [INFO] PluginManager:220 - loadIPPluginJar : add stm32_wpan
2025-09-24 10:19:40,968 [INFO] IPUIPlugin:80 - create IPUIPlugin
2025-09-24 10:19:40,971 [INFO] PluginManager:220 - loadIPPluginJar : add plateformsettings
2025-09-24 10:19:40,973 [INFO] IPUIPlugin:80 - create IPUIPlugin
2025-09-24 10:19:40,973 [INFO] PluginManager:220 - loadIPPluginJar : add ipddr
2025-09-24 10:19:40,975 [INFO] IPUIPlugin:80 - create IPUIPlugin
2025-09-24 10:19:40,975 [INFO] PluginManager:220 - loadIPPluginJar : add usart
2025-09-24 10:19:40,976 [INFO] IPUIPlugin:80 - create IPUIPlugin
2025-09-24 10:19:40,976 [INFO] PluginManager:220 - loadIPPluginJar : add ltdc
2025-09-24 10:19:40,977 [INFO] IPUIPlugin:80 - create IPUIPlugin
2025-09-24 10:19:40,978 [INFO] PluginManager:220 - loadIPPluginJar : add nvic
2025-09-24 10:19:40,978 [INFO] IPUIPlugin:80 - create IPUIPlugin
2025-09-24 10:19:40,978 [INFO] PluginManager:220 - loadIPPluginJar : add fatfs
2025-09-24 10:19:40,983 [INFO] IPUIPlugin:80 - create IPUIPlugin
2025-09-24 10:19:40,983 [INFO] PluginManager:220 - loadIPPluginJar : add linkedlist
2025-09-24 10:19:40,986 [INFO] IPUIPlugin:80 - create IPUIPlugin
2025-09-24 10:19:40,986 [INFO] PluginManager:220 - loadIPPluginJar : add dma
2025-09-24 10:19:40,989 [INFO] IPUIPlugin:80 - create IPUIPlugin
2025-09-24 10:19:40,989 [INFO] PluginManager:220 - loadIPPluginJar : add fmc
2025-09-24 10:19:40,992 [INFO] IPUIPlugin:80 - create IPUIPlugin
2025-09-24 10:19:40,993 [INFO] PluginManager:220 - loadIPPluginJar : add i2s
2025-09-24 10:19:40,994 [INFO] IPUIPlugin:80 - create IPUIPlugin
2025-09-24 10:19:40,995 [INFO] PluginManager:220 - loadIPPluginJar : add ucpd
2025-09-24 10:19:40,997 [INFO] IPUIPlugin:80 - create IPUIPlugin
2025-09-24 10:19:40,997 [INFO] PluginManager:220 - loadIPPluginJar : add lorawan
2025-09-24 10:19:40,999 [INFO] IPUIPlugin:80 - create IPUIPlugin
2025-09-24 10:19:40,999 [INFO] PluginManager:220 - loadIPPluginJar : add opamp
2025-09-24 10:19:41,000 [INFO] IPUIPlugin:80 - create IPUIPlugin
2025-09-24 10:19:41,000 [INFO] PluginManager:220 - loadIPPluginJar : add i3c
2025-09-24 10:19:41,002 [INFO] IPUIPlugin:80 - create IPUIPlugin
2025-09-24 10:19:41,002 [INFO] PluginManager:220 - loadIPPluginJar : add touchsensing
2025-09-24 10:19:41,004 [INFO] IPUIPlugin:80 - create IPUIPlugin
2025-09-24 10:19:41,004 [INFO] PluginManager:220 - loadIPPluginJar : add i2c
2025-09-24 10:19:41,006 [INFO] IPUIPlugin:80 - create IPUIPlugin
2025-09-24 10:19:41,006 [INFO] PluginManager:220 - loadIPPluginJar : add resmgrutility
2025-09-24 10:19:41,008 [INFO] IPUIPlugin:80 - create IPUIPlugin
2025-09-24 10:19:41,008 [INFO] PluginManager:220 - loadIPPluginJar : add sai
2025-09-24 10:19:41,009 [INFO] IPUIPlugin:80 - create IPUIPlugin
2025-09-24 10:19:41,009 [INFO] PluginManager:220 - loadIPPluginJar : add usbx
2025-09-24 10:19:41,129 [FATAL] Updater:351 - Updater called before beeing initialized
2025-09-24 10:19:41,202 [INFO] RulesReader:64 - Compatibility file has been processed (317 Rules)
2025-09-24 10:19:41,220 [INFO] RulesReader:64 - Compatibility file has been processed (317 Rules)
2025-09-24 10:19:41,232 [INFO] CADModel:165 - CPN selected for project level
2025-09-24 10:19:41,232 [INFO] CADModel:114 - Register for checkConnection events
2025-09-24 10:19:41,232 [FATAL] Updater:351 - Updater called before beeing initialized
2025-09-24 10:19:41,232 [ERROR] CADModel:125 - Updater not yet initialized, retry later 
2025-09-24 10:19:41,598 [FATAL] Updater:351 - Updater called before beeing initialized
2025-09-24 10:19:41,600 [INFO] CADModel:165 - CPN selected for project level
2025-09-24 10:19:41,603 [INFO] CADModel:114 - Register for checkConnection events
2025-09-24 10:19:41,603 [FATAL] Updater:351 - Updater called before beeing initialized
2025-09-24 10:19:41,603 [ERROR] CADModel:125 - Updater not yet initialized, retry later 
2025-09-24 10:19:41,606 [FATAL] Updater:351 - Updater called before beeing initialized
2025-09-24 10:19:41,876 [FATAL] Updater:351 - Updater called before beeing initialized
2025-09-24 10:19:41,883 [INFO] DbMcusAds:53 - JSON generation date=Tue Jul 08 15:14:23 ICT 2025 (1751962463582)
2025-09-24 10:19:41,883 [FATAL] Updater:351 - Updater called before beeing initialized
2025-09-24 10:19:41,952 [WARN] DetailPanel:346 - Failed to get advertising image, set to default
2025-09-24 10:19:42,025 [FATAL] Updater:351 - Updater called before beeing initialized
2025-09-24 10:19:42,028 [FATAL] Updater:351 - Updater called before beeing initialized
2025-09-24 10:19:42,029 [FATAL] Updater:351 - Updater called before beeing initialized
2025-09-24 10:19:42,030 [WARN] DetailPanel:346 - Failed to get advertising image, set to default
2025-09-24 10:19:42,033 [FATAL] Updater:351 - Updater called before beeing initialized
2025-09-24 10:19:42,091 [ERROR] Updater:1198 - MainUpdater not yet initialized. External WinMGr cannot be set.
2025-09-24 10:19:42,102 [INFO] Updater:1134 - Updater Version found : 6.15.0
2025-09-24 10:19:42,116 [INFO] ApplicationProperties:184 - Using Application install path: /Applications/STM32CubeIDE.app/Contents/Eclipse/plugins/com.st.stm32cube.common.mx_6.15.0.202507011659
2025-09-24 10:19:42,541 [INFO] MainUpdater:2872 - connection check result : 10
2025-09-24 10:19:42,541 [INFO] MainUpdater:289 - Updater Check For Update Now.
2025-09-24 10:19:42,542 [INFO] MicroXplorer:498 - Change Database Version : DB.6.0.150
2025-09-24 10:19:42,550 [INFO] McuFinderGlobals:63 - Set McuFinder mode to 2 (CubeIDE integrated)
2025-09-24 10:19:42,552 [INFO] UserAuth:487 - Internet connection configuration mode: 1
2025-09-24 10:19:42,570 [INFO] JxBrowserEngine:152 - Initiate JxBrowser Engine with user profile folder
2025-09-24 10:19:42,773 [INFO] CheckServerUpdateThread:120 - End of CheckServer Thread
2025-09-24 10:19:43,519 [WARN] PackLoader:240 - Cannot read IP mode file for STMicroelectronics.FP-SNS-MOTENVWB1.1.4.0
2025-09-24 10:19:43,556 [WARN] PackLoader:240 - Cannot read IP mode file for STMicroelectronics.FP-ATR-ASTRA1.2.0.2
2025-09-24 10:19:43,576 [WARN] PackLoader:240 - Cannot read IP mode file for STMicroelectronics.X-CUBE-SMBUS.2.1.0
2025-09-24 10:19:43,587 [WARN] PackLoader:240 - Cannot read IP mode file for STMicroelectronics.X-CUBE-ST60.1.0.0
2025-09-24 10:19:43,647 [WARN] PackLoader:240 - Cannot read IP mode file for STMicroelectronics.X-CUBE-AZRTOS-F7.1.1.0
2025-09-24 10:19:43,730 [WARN] PackLoader:240 - Cannot read IP mode file for WES.I-CUBE-Cesium.1.4.0
2025-09-24 10:19:43,809 [WARN] PackLoader:240 - Cannot read IP mode file for Infineon.AIROC-Wi-Fi-Bluetooth-STM32.1.7.1
2025-09-24 10:19:43,883 [WARN] PackLoader:240 - Cannot read IP mode file for STMicroelectronics.X-CUBE-AZRTOS-H7.3.4.0
2025-09-24 10:19:43,908 [WARN] PackLoader:240 - Cannot read IP mode file for STMicroelectronics.X-CUBE-DISPLAY.3.0.0
2025-09-24 10:19:43,948 [WARN] PackLoader:240 - Cannot read IP mode file for STMicroelectronics.X-CUBE-NFC10.1.0.0
2025-09-24 10:19:43,964 [WARN] PackLoader:240 - Cannot read IP mode file for emotas.I-CUBE-CANOPEN.1.3.0
2025-09-24 10:19:43,977 [WARN] PackLoader:240 - Cannot read IP mode file for STMicroelectronics.FP-SNS-STBOX1.2.1.0
2025-09-24 10:19:43,984 [WARN] PackLoader:240 - Cannot read IP mode file for STMicroelectronics.FP-SNS-SMARTAG2.1.2.0
2025-09-24 10:19:43,990 [WARN] PackLoader:240 - Cannot read IP mode file for STMicroelectronics.FP-SNS-FLIGHT1.5.1.0
2025-09-24 10:19:44,000 [INFO] LogOutputStream:77 - [STDOUT_REDIRECT] 1 : Invalid condition id : UX_CORESTACK_Condition cause : null
2025-09-24 10:19:44,001 [INFO] LogOutputStream:77 - [STDOUT_REDIRECT] 1 : Invalid condition id : UX_CORESTACK_Condition cause : null
2025-09-24 10:19:44,002 [INFO] LogOutputStream:77 - [STDOUT_REDIRECT] 1 : Invalid condition id : UX_CORESTACK_Condition cause : null
2025-09-24 10:19:44,002 [INFO] LogOutputStream:77 - [STDOUT_REDIRECT] 1 : Invalid condition id : UX_CORESTACK_Condition cause : null
2025-09-24 10:19:44,002 [INFO] LogOutputStream:77 - [STDOUT_REDIRECT] 1 : Invalid condition id : UX_CORESTACK_Condition cause : null
2025-09-24 10:19:44,011 [WARN] PackLoader:240 - Cannot read IP mode file for STMicroelectronics.X-CUBE-AZRTOS-WL.2.0.0
2025-09-24 10:19:44,030 [WARN] PackLoader:240 - Cannot read IP mode file for STMicroelectronics.FP-SNS-MOTENV1.5.0.0
2025-09-24 10:19:44,042 [WARN] PackLoader:240 - Cannot read IP mode file for STMicroelectronics.X-CUBE-BLE2.3.3.0
2025-09-24 10:19:44,058 [WARN] PackLoader:240 - Cannot read IP mode file for STMicroelectronics.X-CUBE-NFC9.1.0.0
2025-09-24 10:19:44,072 [WARN] PackLoader:240 - Cannot read IP mode file for wolfSSL.I-CUBE-wolfSSL.5.8.2
2025-09-24 10:19:44,085 [WARN] PackLoader:240 - Cannot read IP mode file for STMicroelectronics.X-CUBE-BLE1.7.1.0
2025-09-24 10:19:44,100 [WARN] PackLoader:240 - Cannot read IP mode file for wolfSSL.I-CUBE-wolfMQTT.1.19.2
2025-09-24 10:19:44,110 [WARN] PackLoader:240 - Cannot read IP mode file for STMicroelectronics.X-CUBE-EEPRMA1.5.2.0
2025-09-24 10:19:44,131 [WARN] PackLoader:240 - Cannot read IP mode file for STMicroelectronics.X-CUBE-AZRTOS-G0.1.1.0
2025-09-24 10:19:44,144 [WARN] PackLoader:240 - Cannot read IP mode file for STMicroelectronics.X-CUBE-SAFEA1.1.2.2
2025-09-24 10:19:44,151 [WARN] PackLoader:240 - Cannot read IP mode file for STMicroelectronics.X-CUBE-NFC4.3.0.0
2025-09-24 10:19:44,165 [WARN] PackLoader:240 - Cannot read IP mode file for EmbeddedOffice.I-CUBE-FS-RTOS.1.0.1
2025-09-24 10:19:44,172 [WARN] PackLoader:240 - Cannot read IP mode file for STMicroelectronics.X-CUBE-WB05N.2.0.0
2025-09-24 10:19:44,181 [WARN] PackLoader:240 - Cannot read IP mode file for wolfSSL.I-CUBE-wolfTPM.3.8.0
2025-09-24 10:19:44,367 [WARN] PackLoader:240 - Cannot read IP mode file for STMicroelectronics.X-CUBE-TCPP.4.2.0
2025-09-24 10:19:44,548 [WARN] PackLoader:240 - Cannot read IP mode file for RealThread.X-CUBE-RT-Thread_Nano.4.1.1
2025-09-24 10:19:44,602 [WARN] PackLoader:240 - Cannot read IP mode file for STMicroelectronics.FP-ATR-SIGFOX1.3.2.0
2025-09-24 10:19:44,616 [WARN] PackLoader:240 - Cannot read IP mode file for ITTIA_DB.I-CUBE-ITTIADB.8.9.0
2025-09-24 10:19:44,652 [WARN] PackLoader:240 - Cannot read IP mode file for STMicroelectronics.X-CUBE-ST67W61.1.0.0
2025-09-24 10:19:44,661 [WARN] PackLoader:240 - Cannot read IP mode file for STMicroelectronics.X-CUBE-AI.10.2.0
2025-09-24 10:19:44,730 [WARN] PackLoader:240 - Cannot read IP mode file for SEGGER.I-CUBE-embOS.1.3.1
2025-09-24 10:19:44,817 [WARN] PackLoader:240 - Cannot read IP mode file for STMicroelectronics.X-CUBE-ALGOBUILD.1.4.0
2025-09-24 10:19:44,842 [INFO] McuFinderGlobals:63 - Set McuFinder mode to 2 (CubeIDE integrated)
2025-09-24 10:19:44,861 [INFO] MainUpdater:2872 - connection check result : 10
2025-09-24 10:19:44,880 [INFO] McuFinderGlobals:76 - Set McuFinderConnectedMode to true
2025-09-24 10:19:44,909 [WARN] PackLoader:240 - Cannot read IP mode file for STMicroelectronics.X-CUBE-MEMS1.11.3.0
2025-09-24 10:19:45,054 [WARN] PackLoader:240 - Cannot read IP mode file for STMicroelectronics.X-CUBE-PM33A1.1.0.0
2025-09-24 10:19:45,107 [WARN] PackLoader:240 - Cannot read IP mode file for STMicroelectronics.X-CUBE-AZRTOS-F4.1.1.0
2025-09-24 10:19:45,129 [WARN] PackLoader:240 - Cannot read IP mode file for Avnet-IotConnect.X-CUBE-IoTC-DA16k-PMOD.1.0.0
2025-09-24 10:19:45,146 [WARN] PackLoader:240 - Cannot read IP mode file for STMicroelectronics.X-CUBE-ISPU.2.1.0
2025-09-24 10:19:45,159 [WARN] PackLoader:240 - Cannot read IP mode file for STMicroelectronics.X-CUBE-NFC12.1.0.0
2025-09-24 10:19:45,186 [WARN] PackLoader:240 - Cannot read IP mode file for STMicroelectronics.X-CUBE-AZRTOS-L5.2.0.0
2025-09-24 10:19:45,220 [WARN] PackLoader:240 - Cannot read IP mode file for STMicroelectronics.X-CUBE-NFC6.3.1.0
2025-09-24 10:19:45,238 [WARN] PackLoader:240 - Cannot read IP mode file for STMicroelectronics.X-CUBE-FREERTOS.1.3.1
2025-09-24 10:19:45,264 [WARN] PackLoader:240 - Cannot read IP mode file for STMicroelectronics.FP-SNS-STAIOTCFT.1.0.0
2025-09-24 10:19:45,277 [WARN] PackLoader:240 - Cannot read IP mode file for STMicroelectronics.X-CUBE-DPower.1.3.0
2025-09-24 10:19:45,311 [WARN] ConditionMgr:438 - getConditionDescription Invalid condition id : LAN8742 Phy interface Condition cause : null
2025-09-24 10:19:45,319 [WARN] PackLoader:240 - Cannot read IP mode file for STMicroelectronics.X-CUBE-AZRTOS-L4.2.0.0
2025-09-24 10:19:45,329 [WARN] ConditionMgr:1044 - genDependencies : Invalid condition id : LAN8742 Phy interface Condition cause : null
2025-09-24 10:19:45,332 [WARN] ConditionMgr:1044 - genDependencies : Invalid condition id : LAN8742 Phy interface Condition cause : null
2025-09-24 10:19:45,334 [WARN] ConditionMgr:1044 - genDependencies : Invalid condition id : LAN8742 Phy interface Condition cause : null
2025-09-24 10:19:45,349 [WARN] PackLoader:240 - Cannot read IP mode file for STMicroelectronics.X-CUBE-SFXS2LP1.4.0.0
2025-09-24 10:19:45,368 [WARN] PackLoader:240 - Cannot read IP mode file for STMicroelectronics.X-CUBE-BLEMGR.4.1.0
2025-09-24 10:19:45,409 [WARN] ConditionMgr:438 - getConditionDescription Invalid condition id : UX DEVICE CLASS RTOS Condition cause : null
2025-09-24 10:19:45,409 [WARN] ConditionMgr:438 - getConditionDescription Invalid condition id : UX DEVICE CLASS RTOS Condition cause : null
2025-09-24 10:19:45,415 [WARN] PackLoader:240 - Cannot read IP mode file for STMicroelectronics.X-CUBE-AZRTOS-WB.2.0.0
2025-09-24 10:19:45,416 [WARN] ConditionMgr:1044 - genDependencies : Invalid condition id : UX DEVICE CLASS RTOS Condition cause : null
2025-09-24 10:19:45,417 [WARN] ConditionMgr:1044 - genDependencies : Invalid condition id : UX DEVICE CLASS RTOS Condition cause : null
2025-09-24 10:19:45,418 [WARN] ConditionMgr:1044 - genDependencies : Invalid condition id : UX DEVICE CLASS RTOS Condition cause : null
2025-09-24 10:19:45,418 [WARN] ConditionMgr:1044 - genDependencies : Invalid condition id : UX DEVICE CLASS RTOS Condition cause : null
2025-09-24 10:19:45,418 [WARN] ConditionMgr:1044 - genDependencies : Invalid condition id : UX DEVICE CLASS RTOS Condition cause : null
2025-09-24 10:19:45,427 [WARN] PackLoader:240 - Cannot read IP mode file for STMicroelectronics.X-CUBE-GNSS1.7.0.1
2025-09-24 10:19:45,436 [WARN] PackLoader:240 - Cannot read IP mode file for STMicroelectronics.X-CUBE-TOUCHGFX.4.25.0
2025-09-24 10:19:45,441 [WARN] ConditionMgr:438 - getConditionDescription Invalid condition id : Cortex-A Device cause : null
2025-09-24 10:19:45,469 [WARN] ConditionMgr:1044 - genDependencies : Invalid condition id : Cortex-A Device cause : null
2025-09-24 10:19:45,469 [WARN] ConditionMgr:1044 - genDependencies : Invalid condition id : Cortex-A Device cause : null
2025-09-24 10:19:45,469 [WARN] ConditionMgr:1044 - genDependencies : Invalid condition id : Cortex-A Device cause : null
2025-09-24 10:19:45,493 [WARN] PackLoader:240 - Cannot read IP mode file for STMicroelectronics.X-CUBE-SUBG2.5.0.0
2025-09-24 10:19:45,551 [WARN] PackLoader:240 - Cannot read IP mode file for STMicroelectronics.X-CUBE-AZRTOS-H7RS.1.1.0
2025-09-24 10:19:45,559 [WARN] PackLoader:240 - Cannot read IP mode file for Cesanta.I-CUBE-Mongoose.7.13.0
2025-09-24 10:19:45,572 [WARN] PackLoader:240 - Cannot read IP mode file for STMicroelectronics.X-CUBE-AZRTOS-G4.2.0.0
2025-09-24 10:19:45,576 [INFO] ServerAccessManage:452 - Complete download http(s) 200
2025-09-24 10:19:45,578 [WARN] PackLoader:240 - Cannot read IP mode file for wolfSSL.I-CUBE-wolfSSH.1.4.20
2025-09-24 10:19:45,584 [WARN] PackLoader:240 - Cannot read IP mode file for STMicroelectronics.X-CUBE-NFC7.2.0.0
2025-09-24 10:19:45,588 [INFO] ServerAccessManage:509 - Download File mcusAds.json._tmp_
2025-09-24 10:19:45,597 [WARN] PackLoader:240 - Cannot read IP mode file for STMicroelectronics.X-CUBE-IPS.3.1.0
2025-09-24 10:19:45,607 [WARN] PackLoader:240 - Cannot read IP mode file for STMicroelectronics.X-CUBE-ALS.1.0.2
2025-09-24 10:19:45,615 [WARN] PackLoader:240 - Cannot read IP mode file for STMicroelectronics.X-CUBE-STSE01.1.0.0
2025-09-24 10:19:45,621 [WARN] PackLoader:240 - Cannot read IP mode file for portGmbH.I-Cube-SoM-uGOAL.1.1.0
2025-09-24 10:19:45,637 [WARN] PackLoader:240 - Cannot read IP mode file for STMicroelectronics.X-CUBE-TOF1.3.4.3
2025-09-24 10:19:45,648 [INFO] ThirdParty:978 - Integrity check success = true
2025-09-24 10:19:45,648 [INFO] IntegrityCheckThread:100 - exiting critical section [integrity check]
2025-09-24 10:19:45,648 [INFO] IntegrityCheckThread:103 - End integrity checks thread
2025-09-24 10:19:45,707 [INFO] LoadUrlFilesThread:156 - End of LoadUrlFiles Thread
2025-09-24 10:19:45,910 [INFO] ServerAccessManage:452 - Complete download http(s) 200
2025-09-24 10:19:45,911 [INFO] ServerAccessManage:509 - Download File cube-finder-db.zip
2025-09-24 10:19:47,811 [INFO] WebApp:169 - Instantiating new browser for Auth
2025-09-24 10:19:49,651 [INFO] FileExtend:248 - Unzip File : cube-finder-db.zip
2025-09-24 10:19:49,656 [INFO] FileExtend:263 - Standard Zip Deflate
2025-09-24 10:19:49,666 [INFO] WebApp:463 - Apply proxy settings
2025-09-24 10:19:49,685 [INFO] WebApp:508 - Chromium authenticates against Manually configured proxy
2025-09-24 10:19:49,707 [INFO] WebApp:516 - Username used for proxy authentication: 
2025-09-24 10:19:49,759 [INFO] WebApp:900 - Register for checkConnection events
2025-09-24 10:19:49,760 [INFO] WebApp:463 - Apply proxy settings
2025-09-24 10:19:49,763 [INFO] WebApp:508 - Chromium authenticates against Manually configured proxy
2025-09-24 10:19:49,764 [INFO] WebApp:516 - Username used for proxy authentication: 
2025-09-24 10:19:50,365 [INFO] WebApp:191 - Connection restablished
2025-09-24 10:19:50,468 [INFO] WebApp:225 - Starting web application
2025-09-24 10:19:50,473 [INFO] WebApp:593 - Web application path used /Applications/STM32CubeIDE.app/Contents/Eclipse/plugins/com.st.stm32cube.common.mx_6.15.0.202507011659/db/plugins/mcufinder/reactClient1/index.html
2025-09-24 10:19:50,588 [INFO] LoadUrlFilesThread:156 - End of LoadUrlFiles Thread
2025-09-24 10:19:51,362 [INFO] UserAuth:487 - Internet connection configuration mode: 1
2025-09-24 10:19:52,226 [INFO] ServerAccessManage:452 - Complete download http(s) 200
2025-09-24 10:19:52,232 [INFO] ServerAccessManage:509 - Download File crdb.zip
2025-09-24 10:19:53,484 [INFO] FileExtend:248 - Unzip File : crdb.zip
2025-09-24 10:19:53,485 [INFO] FileExtend:263 - Standard Zip Deflate
2025-09-24 10:19:53,610 [INFO] LoadUrlFilesThread:156 - End of LoadUrlFiles Thread
2025-09-24 10:19:53,759 [INFO] ServerAccessManage:452 - Complete download http(s) 200
2025-09-24 10:19:53,761 [INFO] ServerAccessManage:509 - Download File tutoVideoDB.zip
2025-09-24 10:19:53,772 [INFO] FileExtend:248 - Unzip File : tutoVideoDB.zip
2025-09-24 10:19:53,772 [INFO] FileExtend:263 - Standard Zip Deflate
2025-09-24 10:19:53,885 [INFO] LoadUrlFilesThread:156 - End of LoadUrlFiles Thread
2025-09-24 10:19:53,891 [WARN] DbFile:41 - Overriding database path with different value: /Users/khanh/.stmcufinder/plugins/mcufinder/ => /Users/khanh/.stmcufinder/plugins/mcufinder
2025-09-24 10:19:54,027 [INFO] ServerAccessManage:452 - Complete download http(s) 200
2025-09-24 10:19:54,028 [INFO] ServerAccessManage:509 - Download File api_config.json
2025-09-24 10:19:54,131 [INFO] LoadUrlFilesThread:156 - End of LoadUrlFiles Thread
2025-09-24 10:19:54,447 [INFO] DbMcusAds:53 - JSON generation date=Tue Jul 08 15:14:23 ICT 2025 (1751962463524)
2025-09-24 10:19:54,505 [INFO] LoadUrlFilesThread:185 - End of LoadServerUrlFiles without Thread
2025-09-24 10:19:54,506 [INFO] TargetSelectorAdapter:259 - Refresh data is successful
2025-09-24 10:19:55,017 [INFO] ApiDb:581 - Connected to CubeFinder SQLite database (/Users/khanh/.stmcufinder/plugins/mcufinder/mcu/cube-finder-db.db)
2025-09-24 10:19:55,074 [INFO] ApiDb:668 - CubeFinder database Data Model version=2.1
2025-09-24 10:19:55,074 [INFO] ApiDb:669 - CubeFinder database Configuration version=3.0.39
2025-09-24 10:19:55,074 [INFO] ApiDb:670 - CubeFinder database generation date=2025-08-25 (1756130511)
2025-09-24 10:19:55,074 [INFO] ApiDb:671 - CubeFinder database FW Pack versions=[FP-ATR-ASTRA1_V2.0.0, FP-SNS-FLIGHT1_V5.1.0, FP-SNS-MOTENV1_V5.0.0, FP-SNS-MOTENVWB1_V1.4.0, FP-SNS-SMARTAG2_V1.2.0, FP-SNS-STBOX1_V2.1.0, STM32Cube_FW_C0_V1.4.0, STM32Cube_FW_F4_V1.28.3, STM32Cube_FW_F7_V1.17.4, STM32Cube_FW_G0_V1.6.2, STM32Cube_FW_G4_V1.6.1, STM32Cube_FW_H5_V1.5.0, STM32Cube_FW_H7RS_V1.2.0, STM32Cube_FW_H7_V1.12.1, STM32Cube_FW_L0_V1.12.2, STM32Cube_FW_L4_V1.18.1, STM32Cube_FW_L5_V1.5.1, STM32Cube_FW_N6_V1.2.0, STM32Cube_FW_U0_V1.3.0, STM32Cube_FW_U3_V1.2.0, STM32Cube_FW_U5_V1.8.0, STM32Cube_FW_WB0_V1.3.0, STM32Cube_FW_WBA_V1.7.0, STM32Cube_FW_WB_V1.23.0, STM32Cube_FW_WL3_V1.2.0, STM32Cube_FW_WL_V1.3.1, X-CUBE-ALGOBUILD_V1.4.0, X-CUBE-ALS_V1.0.2, X-CUBE-AZRTOS-F4_V1.1.0, X-CUBE-AZRTOS-F7_V1.1.0, X-CUBE-AZRTOS-G0_V1.1.0, X-CUBE-AZRTOS-G4_V2.0.0, X-CUBE-AZRTOS-H7RS_V1.1.0, X-CUBE-AZRTOS-H7_V3.4.0, X-CUBE-AZRTOS-L4_V2.0.0, X-CUBE-AZRTOS-L5_V2.0.0, X-CUBE-AZRTOS-WB_V2.0.0, X-CUBE-AZRTOS-WL_V2.0.0, X-CUBE-BLE1_V7.1.0, X-CUBE-BLE2_V3.3.0, X-CUBE-BLEMGR_V4.1.0, X-CUBE-EEPRMA1_V5.2.0, X-CUBE-FREERTOS_V1.3.1, X-CUBE-GNSS1_V6.0.0, X-CUBE-MEMS1_V11.3.0, X-CUBE-NFC4_V3.0.0, X-CUBE-NFC7_V2.0.0, X-CUBE-SFXS2LP1_V4.0.0, X-CUBE-ST67W61_V1.0.0, X-CUBE-SUBG2_V5.0.0, X-CUBE-TOF1_V3.4.3]
2025-09-24 10:19:56,770 [INFO] ApiDb:240 - Found 880 in-development CPN: [B-G473E-ZEST1S, B-WB1M-WPAN1, B-WBA5M-WPAN, B-WL5M-SUBG1, NUCLEO-C031C6, NUCLEO-C051C8, NUCLEO-C071RB, NUCLEO-C092RC, NUCLEO-H503RB, NUCLEO-H533RE, NUCLEO-H563ZI, NUCLEO-H7S3L8, NUCLEO-N657X0-Q, NUCLEO-U031R8, NUCLEO-U083RC, NUCLEO-U385RG-Q, NUCLEO-U545RE-Q, NUCLEO-U5A5ZJ-Q, NUCLEO-WB05KZ, NUCLEO-WB07CC, NUCLEO-WB09KE, NUCLEO-WBA52CG, NUCLEO-WBA55CG, NUCLEO-WL33CC1, NUCLEO-WL33CC2, STEVAL-PROTEUS1, STEVAL-SMARTAG2, STEVAL-STWINBX1, STM320518-EVAL, STM32C0116-DK, STM32C011D6Y3TR, STM32C011D6Y6TR, STM32C011F4P3, STM32C011F4P6, STM32C011F4U3, STM32C011F4U6TR, STM32C011F6P3, STM32C011F6P6, STM32C011F6U3, STM32C011F6U6TR, STM32C011J4M3, STM32C011J4M6, STM32C011J6M3, STM32C011J6M6, STM32C0316-DK, STM32C031C4T3, STM32C031C4T6, STM32C031C4U3, STM32C031C4U6, STM32C031C6T3, STM32C031C6T6, STM32C031C6U3, STM32C031C6U6, STM32C031F4P3, STM32C031F4P6, STM32C031F6P3, STM32C031F6P6, STM32C031G4U3, STM32C031G4U6, STM32C031G6U3, STM32C031G6U6, STM32C031K4T3, STM32C031K4T6, STM32C031K4U3, STM32C031K4U6, STM32C031K6T3, STM32C031K6T6, STM32C031K6U3, STM32C031K6U6, STM32C051C6T6, STM32C051C6U6, STM32C051C8T6, STM32C051C8U6, STM32C051D8Y6TR, STM32C051F6P6, STM32C051F8P6, STM32C051G6U6, STM32C051G8U6, STM32C051K6T6, STM32C051K6U6, STM32C051K8T6, STM32C071C8T6, STM32C071C8T6N, STM32C071C8U6, STM32C071C8U6N, STM32C071CBT6, STM32C071CBT6N, STM32C071CBU6, STM32C071CBU6N, STM32C071F8P6, STM32C071F8P6N, STM32C071FBP6, STM32C071FBP6N, STM32C071FBY6TR, STM32C071G8U6, STM32C071G8U6N, STM32C071GBU6, STM32C071GBU6N, STM32C071K8T6, STM32C071K8T6N, STM32C071K8U6, STM32C071K8U6N, STM32C071KBT6, STM32C071KBT6N, STM32C071KBU6, STM32C071KBU6N, STM32C071R8T6, STM32C071R8T6N, STM32C071RBI6N, STM32C071RBT6, STM32C071RBT6N, STM32C091CBT6, STM32C091CBU6, STM32C091CCT6, STM32C091CCU6, STM32C091ECY6TR, STM32C091FBP6, STM32C091FCP6, STM32C091GBU6, STM32C091GCU6, STM32C091KBT6, STM32C091KBU6, STM32C091KCT6, STM32C091KCU6, STM32C091RBT6, STM32C091RCI6, STM32C091RCT6, STM32C092CBT6, STM32C092CBU6, STM32C092CCT6, STM32C092CCU6, STM32C092ECY6TR, STM32C092FBP6, STM32C092FCP6, STM32C092GBU6, STM32C092GCU6, STM32C092KBT6, STM32C092KBU6, STM32C092KCT6, STM32C092KCU6, STM32C092RBT6, STM32C092RCI6, STM32C092RCT6, STM32G071K8TXN, STM32G071K8UXN, STM32G081GBU6N, STM32G081KBT6N, STM32G081KBUXN, STM32G0B1CCT6N, STM32G0B1KCT6, STM32G0B1NEY6TR, STM32G0B1RCT6N, STM32G0C1CCT6, STM32G0C1CCT6N, STM32G0C1CCU6N, STM32G0C1CET6N, STM32G0C1CEU6N, STM32G0C1KCT6, STM32G0C1NEY6TR, STM32G0C1RCI6N, STM32G0C1RCT6N, STM32G0C1REI6N, STM32G0C1RET6N, STM32G0C1VCI6, STM32G0C1VEI6, STM32G411C6T3, STM32G411C6T6, STM32G411C6U3, STM32G411C6U6, STM32G411C8T3, STM32G411C8T6, STM32G411C8U3, STM32G411C8U6, STM32G411CBT3, STM32G411CBT6, STM32G411CBU3, STM32G411CBU6, STM32G411K6T3, STM32G411K6T6, STM32G411K6U3, STM32G411K6U6, STM32G411K8T3, STM32G411K8T6, STM32G411K8U3, STM32G411K8U6, STM32G411KBT3, STM32G411KBT6, STM32G411KBU3, STM32G411KBU6, STM32G411M6T3, STM32G411M6T6, STM32G411M8T3, STM32G411M8T6, STM32G411MBT3, STM32G411MBT6, STM32G411R6T3, STM32G411R6T6, STM32G411R8T3, STM32G411R8T6, STM32G411RBT3, STM32G411RBT6, STM32G414CBT3, STM32G414CBT6, STM32G414CBU3, STM32G414CBU6, STM32G414CCT3, STM32G414CCT6, STM32G414CCU3, STM32G414CCU6, STM32G414MBT3, STM32G414MBT6, STM32G414MCT3, STM32G414MCT6, STM32G414RBT3, STM32G414RBT6, STM32G414RCT3, STM32G414RCT6, STM32G414VBT3, STM32G414VBT6, STM32G414VCT3, STM32G414VCT6, STM32G431CBT3Z, STM32G431RBT3Z, STM32G471CCT6, STM32G471CCU6, STM32G471CET3, STM32G471CET6, STM32G471CEU3, STM32G471CEU6, STM32G471MCT6, STM32G471MET3, STM32G471MET6, STM32G471MEY6TR, STM32G471QCT6, STM32G471QET3, STM32G471RCT6, STM32G471RET3, STM32G471RET6, STM32G471VCH6, STM32G471VCI6, STM32G471VCT6, STM32G471VEH3, STM32G471VEH6, STM32G471VEI3, STM32G471VEI6, STM32G471VET3, STM32G471VET6, STM32G473QET3Z, STM32G473RET3Z, STM32G474CCT6, STM32G491RET3Z, STM32H503CBT6, STM32H503CBU6, STM32H503EBY6TR, STM32H503KBU6, STM32H503RBT6, STM32H523CCT6, STM32H523CCU6, STM32H523CET6, STM32H523CEU6, STM32H523HEY6TR, STM32H523RCT6, STM32H523RET6, STM32H523VCI6, STM32H523VCT6, STM32H523VEI6, STM32H523VET6, STM32H523ZCJ6, STM32H523ZCT6, STM32H523ZEJ6, STM32H523ZET6, STM32H533CET6, STM32H533CEU6, STM32H533HEY6TR, STM32H533RET6, STM32H533VEI6, STM32H533VET6, STM32H533ZEJ6, STM32H533ZET6, STM32H562AGI6, STM32H562AII6, STM32H562IGK6, STM32H562IGT6, STM32H562IIK6, STM32H562IIT6, STM32H562RGT6, STM32H562RGV6, STM32H562RIT6, STM32H562RIV6, STM32H562VGT6, STM32H562VIT6, STM32H562ZGT6, STM32H562ZIT6, STM32H563AGI6, STM32H563AII3Q, STM32H563AII6, STM32H563IGK6, STM32H563IGT6, STM32H563IIK3Q, STM32H563IIK6, STM32H563IIT3Q, STM32H563IIT6, STM32H563MIY3QTR, STM32H563RGT6, STM32H563RGV6, STM32H563RIT6, STM32H563RIV6, STM32H563VGT6, STM32H563VIT3Q, STM32H563VIT6, STM32H563ZGT6, STM32H563ZIT3Q, STM32H563ZIT6, STM32H573AII3Q, STM32H573AII6, STM32H573I-DK, STM32H573IIK3Q, STM32H573IIK6, STM32H573IIT3Q, STM32H573IIT6, STM32H573MIY3QTR, STM32H573RIT6, STM32H573RIV6, STM32H573VIT3Q, STM32H573VIT6, STM32H573ZIT3Q, STM32H573ZIT6, STM32H7R3A8I6, STM32H7R3I8K6, STM32H7R3I8T6, STM32H7R3L8H6, STM32H7R3L8H6H, STM32H7R3R8V6, STM32H7R3V8H6, STM32H7R3V8T6, STM32H7R3V8Y6TR, STM32H7R3Z8J6, STM32H7R3Z8T6, STM32H7R7A8I6, STM32H7R7I8K6, STM32H7R7I8T6, STM32H7R7L8H6, STM32H7R7L8H6H, STM32H7R7Z8J6, STM32H7S3A8I6, STM32H7S3I8K6, STM32H7S3I8T6, STM32H7S3L8H6, STM32H7S3L8H6H, STM32H7S3R8V6, STM32H7S3V8H6, STM32H7S3V8T6, STM32H7S3V8Y6TR, STM32H7S3Z8J6, STM32H7S3Z8T6, STM32H7S78-DK, STM32H7S7A8I6, STM32H7S7I8K6, STM32H7S7I8T6, STM32H7S7L8H6, STM32H7S7L8H6H, STM32H7S7Z8J6, STM32L4R5QGI6STR, STM32MP131AAE3, STM32MP131AAF3, STM32MP131AAG3, STM32MP131CAE3, STM32MP131CAF3, STM32MP131CAG3, STM32MP131DAE7, STM32MP131DAF7, STM32MP131DAG7, STM32MP131FAE7, STM32MP131FAF7, STM32MP131FAG7, STM32MP133AAE3, STM32MP133AAF3, STM32MP133AAG3, STM32MP133CAE3, STM32MP133CAF3, STM32MP133CAG3, STM32MP133DAE7, STM32MP133DAF7, STM32MP133DAG7, STM32MP133FAE7, STM32MP133FAF7, STM32MP133FAG7, STM32MP135AAE3, STM32MP135AAF3, STM32MP135AAG3, STM32MP135CAE3, STM32MP135CAF3, STM32MP135CAG3, STM32MP135DAE7, STM32MP135DAF7, STM32MP135DAG7, STM32MP135F-DK, STM32MP135FAE7, STM32MP135FAF7, STM32MP135FAF7T, STM32MP135FAF7U, STM32MP135FAG7, STM32MP211AAL3, STM32MP211AAM3, STM32MP211AAN3, STM32MP211AAO3, STM32MP211CAL3, STM32MP211CAM3, STM32MP211CAN3, STM32MP211CAO3, STM32MP211DAL3, STM32MP211DAM3, STM32MP211DAN3, STM32MP211DAO3, STM32MP211FAL3, STM32MP211FAM3, STM32MP211FAN3, STM32MP211FAO3, STM32MP213AAL3, STM32MP213AAM3, STM32MP213AAN3, STM32MP213AAO3, STM32MP213CAL3, STM32MP213CAM3, STM32MP213CAN3, STM32MP213CAO3, STM32MP213DAL3, STM32MP213DAM3, STM32MP213DAN3, STM32MP213DAO3, STM32MP213FAL3, STM32MP213FAM3, STM32MP213FAN3, STM32MP213FAO3, STM32MP215AAL3, STM32MP215AAM3, STM32MP215AAN3, STM32MP215AAO3, STM32MP215CAL3, STM32MP215CAM3, STM32MP215CAN3, STM32MP215CAO3, STM32MP215DAL3, STM32MP215DAM3, STM32MP215DAN3, STM32MP215DAO3, STM32MP215F-DK, STM32MP215FAL3, STM32MP215FAM3, STM32MP215FAN3, STM32MP215FAO3, STM32MP231AAJ3, STM32MP231AAK3, STM32MP231AAL3, STM32MP231CAJ3, STM32MP231CAK3, STM32MP231CAL3, STM32MP231DAJ3, STM32MP231DAK3, STM32MP231DAL3, STM32MP231FAJ3, STM32MP231FAK3, STM32MP231FAL3, STM32MP233AAJ3, STM32MP233AAK3, STM32MP233AAL3, STM32MP233CAJ3, STM32MP233CAK3, STM32MP233CAL3, STM32MP233DAJ3, STM32MP233DAK3, STM32MP233DAL3, STM32MP233FAJ3, STM32MP233FAK3, STM32MP233FAL3, STM32MP235AAJ3, STM32MP235AAK3, STM32MP235AAL3, STM32MP235CAJ3, STM32MP235CAK3, STM32MP235CAL3, STM32MP235DAJ3, STM32MP235DAK3, STM32MP235DAL3, STM32MP235FAJ3, STM32MP235FAK3, STM32MP235FAL3, STM32MP251AAI3, STM32MP251AAK3, STM32MP251AAL3, STM32MP251CAI3, STM32MP251CAK3, STM32MP251CAL3, STM32MP251DAI3, STM32MP251DAK3, STM32MP251DAL3, STM32MP251FAI3, STM32MP251FAK3, STM32MP251FAL3, STM32MP253AAI3, STM32MP253AAK3, STM32MP253AAL3, STM32MP253CAI3, STM32MP253CAK3, STM32MP253CAL3, STM32MP253DAI3, STM32MP253DAK3, STM32MP253DAL3, STM32MP253FAI3, STM32MP253FAK3, STM32MP253FAL3, STM32MP255AAI3, STM32MP255AAK3, STM32MP255AAL3, STM32MP255CAI3, STM32MP255CAK3, STM32MP255CAL3, STM32MP255DAI3, STM32MP255DAK3, STM32MP255DAL3, STM32MP255FAI3, STM32MP255FAK3, STM32MP255FAL3, STM32MP257AAI3, STM32MP257AAK3, STM32MP257AAL3, STM32MP257CAI3, STM32MP257CAK3, STM32MP257CAL3, STM32MP257DAI3, STM32MP257DAK3, STM32MP257DAL3, STM32MP257F-DK, STM32MP257F-EV1, STM32MP257FAI3, STM32MP257FAK3, STM32MP257FAL3, STM32N645A0H3Q, STM32N645B0H3Q, STM32N645I0H3Q, STM32N645L0H3Q, STM32N645X0H3Q, STM32N645Z0H3Q, STM32N647A0H3Q, STM32N647B0H3Q, STM32N647I0H3Q, STM32N647L0H3Q, STM32N647X0H3Q, STM32N647Z0H3Q, STM32N655A0H3Q, STM32N655B0H3Q, STM32N655I0H3Q, STM32N655L0H3Q, STM32N655X0H3Q, STM32N655Z0H3Q, STM32N6570-DK, STM32N657A0H3Q, STM32N657B0H3Q, STM32N657I0H3Q, STM32N657L0H3Q, STM32N657X0H3Q, STM32N657Z0H3Q, STM32U031C6T6, STM32U031C6U6, STM32U031C8T6, STM32U031C8U6, STM32U031F4P6, STM32U031F6P6, STM32U031F8P6, STM32U031G6Y6TR, STM32U031G8Y6TR, STM32U031K4U6, STM32U031K6U6, STM32U031K8U6, STM32U031R6I6, STM32U031R6T6, STM32U031R8I6, STM32U031R8T6, STM32U073C8T6, STM32U073C8U6, STM32U073CBT6, STM32U073CBU6, STM32U073CCT6, STM32U073CCU6, STM32U073H8Y6TR, STM32U073HBY6TR, STM32U073HCY6TR, STM32U073K8U6, STM32U073KBU6, STM32U073KCU6, STM32U073M8I6, STM32U073M8T6, STM32U073MBI6, STM32U073MBT6, STM32U073MCI6, STM32U073MCT6, STM32U073R8I6, STM32U073R8T6, STM32U073RBI6, STM32U073RBT6, STM32U073RCI6, STM32U073RCT6, STM32U083C-DK, STM32U083CCT6, STM32U083CCU6, STM32U083HCY6TR, STM32U083KCU6, STM32U083MCI6, STM32U083MCT6, STM32U083RCI6, STM32U083RCT6, STM32U375CET6, STM32U375CET6Q, STM32U375CEU6, STM32U375CEU6Q, STM32U375CEY6QTR, STM32U375CGT6, STM32U375CGT6Q, STM32U375CGU6, STM32U375CGU6Q, STM32U375CGY6QTR, STM32U375KEU6, STM32U375KGU6, STM32U375REI6, STM32U375REI6Q, STM32U375RET6, STM32U375RET6Q, STM32U375REY6GTR, STM32U375REY6QTR, STM32U375RGI6, STM32U375RGI6Q, STM32U375RGT6, STM32U375RGT6Q, STM32U375RGY6GTR, STM32U375RGY6QTR, STM32U375VEI6, STM32U375VEI6Q, STM32U375VET6, STM32U375VET6Q, STM32U375VGI6, STM32U375VGI6Q, STM32U375VGT6, STM32U375VGT6Q, STM32U385CGT6, STM32U385CGT6Q, STM32U385CGU6, STM32U385CGU6Q, STM32U385CGY6QTR, STM32U385KGU6, STM32U385RGI6, STM32U385RGI6Q, STM32U385RGT6, STM32U385RGT6Q, STM32U385RGY6GTR, STM32U385RGY6QTR, STM32U385VGI6, STM32U385VGI6Q, STM32U385VGT6, STM32U385VGT6Q, STM32U535CBT6, STM32U535CBT6Q, STM32U535CBU6, STM32U535CBU6Q, STM32U535CCT6, STM32U535CCT6Q, STM32U535CCU6, STM32U535CCU6Q, STM32U535CET6, STM32U535CET6Q, STM32U535CEU6, STM32U535CEU6Q, STM32U535JEY6QTR, STM32U535NCY6QTR, STM32U535NEY6QTR, STM32U535RBI6, STM32U535RBI6Q, STM32U535RBT6, STM32U535RBT6Q, STM32U535RCI6, STM32U535RCI6Q, STM32U535RCT6, STM32U535RCT6Q, STM32U535REI6, STM32U535REI6Q, STM32U535RET6, STM32U535RET6Q, STM32U535VCI6, STM32U535VCI6Q, STM32U535VCT6, STM32U535VCT6Q, STM32U535VEI6, STM32U535VEI6Q, STM32U535VET6, STM32U535VET6Q, STM32U545CET6, STM32U545CET6Q, STM32U545CEU6, STM32U545CEU6Q, STM32U545JEY6QTR, STM32U545NEY6QTR, STM32U545REI6, STM32U545REI6Q, STM32U545RET6, STM32U545RET6Q, STM32U545VEI6, STM32U545VEI6Q, STM32U545VET6, STM32U545VET6Q, STM32U595AIH6, STM32U595AIH6Q, STM32U595AJH6, STM32U595AJH6Q, STM32U595QII6, STM32U595QII6Q, STM32U595QJI6, STM32U595QJI6Q, STM32U595RIT6, STM32U595RIT6Q, STM32U595RJT6, STM32U595RJT6Q, STM32U595VIT6, STM32U595VIT6Q, STM32U595VJT6, STM32U595VJT6Q, STM32U595ZIT6, STM32U595ZIT6Q, STM32U595ZIY6QTR, STM32U595ZJT6, STM32U595ZJT6Q, STM32U595ZJY6QTR, STM32U599BJY6QTR, STM32U599NIH6Q, STM32U599NJH6Q, STM32U599VIT6Q, STM32U599VJT6, STM32U599VJT6Q, STM32U599ZIT6Q, STM32U599ZIY6QTR, STM32U599ZJT6Q, STM32U599ZJY6QTR, STM32U5A5AJH6, STM32U5A5AJH6Q, STM32U5A5QII3Q , STM32U5A5QJI6, STM32U5A5QJI6Q, STM32U5A5RJT6, STM32U5A5RJT6Q, STM32U5A5VJT6, STM32U5A5VJT6Q, STM32U5A5ZJT6, STM32U5A5ZJT6Q, STM32U5A5ZJY6QTR, STM32U5A9BJY6QTR, STM32U5A9J-DK, STM32U5A9NJH6Q, STM32U5A9VJT6Q, STM32U5A9ZJT6Q, STM32U5A9ZJY6QTR, STM32U5F7VIT6, STM32U5F7VIT6Q, STM32U5F7VJT6, STM32U5F7VJT6Q, STM32U5F9BJY6QTR, STM32U5F9NJH6Q, STM32U5F9VIT6Q, STM32U5F9VJT6Q, STM32U5F9ZIJ6QTR, STM32U5F9ZIT6Q, STM32U5F9ZJJ6QTR, STM32U5F9ZJT6Q, STM32U5G7VJT6, STM32U5G7VJT6Q, STM32U5G9BJY6QTR, STM32U5G9J-DK1, STM32U5G9J-DK2, STM32U5G9NJH6Q, STM32U5G9VJT6Q, STM32U5G9ZJJ6QTR, STM32U5G9ZJT6Q, STM32WB05KZV6TR, STM32WB05KZV7TR, STM32WB05TZF6TR, STM32WB05TZF7TR, STM32WB06CCF6TR, STM32WB06CCF7TR, STM32WB06CCV6TR, STM32WB06CCV7TR, STM32WB06KCV6TR, STM32WB06KCV7TR, STM32WB07CCF6TR, STM32WB07CCF7TR, STM32WB07CCV6TR, STM32WB07CCV7TR, STM32WB07KCV6TR, STM32WB07KCV7TR, STM32WB09KEV6TR, STM32WB09KEV7TR, STM32WB09TEF6TR, STM32WB09TEF7TR, STM32WB1MMCH6, STM32WBA50KGU6, STM32WBA50KGU6TR, STM32WBA52CEU6, STM32WBA52CEU6TR, STM32WBA52CEU7, STM32WBA52CEU7TR, STM32WBA52CGU6, STM32WBA52CGU6TR, STM32WBA52CGU6U, STM32WBA52CGU7, STM32WBA52CGU7TR, STM32WBA52KEU6, STM32WBA52KEU6TR, STM32WBA52KGU6, STM32WBA52KGU6TR, STM32WBA54CEU6, STM32WBA54CEU6TR, STM32WBA54CEU7, STM32WBA54CEU7TR, STM32WBA54CGU6, STM32WBA54CGU6TR, STM32WBA54CGU7, STM32WBA54CGU7TR, STM32WBA54KEU6, STM32WBA54KEU6TR, STM32WBA54KEU7, STM32WBA54KEU7TR, STM32WBA54KGU6, STM32WBA54KGU6TR, STM32WBA54KGU7, STM32WBA54KGU7TR, STM32WBA55CEU6, STM32WBA55CEU6TR, STM32WBA55CEU7, STM32WBA55CEU7TR, STM32WBA55CGU6, STM32WBA55CGU6TR, STM32WBA55CGU6U, STM32WBA55CGU7, STM32WBA55CGU7TR, STM32WBA55G-DK1, STM32WBA55HEF6, STM32WBA55HEF7, STM32WBA55HGF6, STM32WBA55HGF7, STM32WBA55UEI6, STM32WBA55UEI6TR, STM32WBA55UEI7, STM32WBA55UEI7TR, STM32WBA55UGI6, STM32WBA55UGI6TR, STM32WBA55UGI7, STM32WBA55UGI7TR, STM32WBA5MMGH6TR, STM32WBA62MGF6, STM32WBA62MIF6, STM32WBA65MGF7, STM32WBA65MIF6, STM32WBA65MIF7, STM32WL30K8V6, STM32WL30KBV6, STM32WL31C8V6, STM32WL31CBV6, STM32WL31K8V6, STM32WL31KBV6, STM32WL33C8V6, STM32WL33C8V6X, STM32WL33CBV6, STM32WL33CBV6X, STM32WL33CCV6, STM32WL33CCV6A, STM32WL33CCV6X, STM32WL33K8V7, STM32WL33K8V7X, STM32WL33KBV7 , STM32WL33KBV7X, STM32WL33KCV7, STM32WL33KCV7X, STM32WL5MOCH6, STM32WL5MOCH6TR]
2025-09-24 10:19:56,782 [INFO] DbMcus:218 - Found 4801 MCUs, 4801 are supported
2025-09-24 10:19:56,783 [INFO] ApiDb:423 - Load user favorites file /Users/khanh/.stm32cubeide/favorites.mcus.txt: 0 item(s)
2025-09-24 10:19:56,783 [INFO] ApiDb:427 - User favorites MCUs=[]
2025-09-24 10:19:56,783 [INFO] DbMcus:224 - Set 0 / 0 favorites MCUs
2025-09-24 10:19:57,204 [INFO] ApiDb:668 - CubeFinder database Data Model version=2.1
2025-09-24 10:19:57,205 [INFO] ApiDb:669 - CubeFinder database Configuration version=3.0.39
2025-09-24 10:19:57,206 [INFO] ApiDb:670 - CubeFinder database generation date=2025-08-25 (1756130511)
2025-09-24 10:19:57,206 [INFO] ApiDb:671 - CubeFinder database FW Pack versions=[FP-ATR-ASTRA1_V2.0.0, FP-SNS-FLIGHT1_V5.1.0, FP-SNS-MOTENV1_V5.0.0, FP-SNS-MOTENVWB1_V1.4.0, FP-SNS-SMARTAG2_V1.2.0, FP-SNS-STBOX1_V2.1.0, STM32Cube_FW_C0_V1.4.0, STM32Cube_FW_F4_V1.28.3, STM32Cube_FW_F7_V1.17.4, STM32Cube_FW_G0_V1.6.2, STM32Cube_FW_G4_V1.6.1, STM32Cube_FW_H5_V1.5.0, STM32Cube_FW_H7RS_V1.2.0, STM32Cube_FW_H7_V1.12.1, STM32Cube_FW_L0_V1.12.2, STM32Cube_FW_L4_V1.18.1, STM32Cube_FW_L5_V1.5.1, STM32Cube_FW_N6_V1.2.0, STM32Cube_FW_U0_V1.3.0, STM32Cube_FW_U3_V1.2.0, STM32Cube_FW_U5_V1.8.0, STM32Cube_FW_WB0_V1.3.0, STM32Cube_FW_WBA_V1.7.0, STM32Cube_FW_WB_V1.23.0, STM32Cube_FW_WL3_V1.2.0, STM32Cube_FW_WL_V1.3.1, X-CUBE-ALGOBUILD_V1.4.0, X-CUBE-ALS_V1.0.2, X-CUBE-AZRTOS-F4_V1.1.0, X-CUBE-AZRTOS-F7_V1.1.0, X-CUBE-AZRTOS-G0_V1.1.0, X-CUBE-AZRTOS-G4_V2.0.0, X-CUBE-AZRTOS-H7RS_V1.1.0, X-CUBE-AZRTOS-H7_V3.4.0, X-CUBE-AZRTOS-L4_V2.0.0, X-CUBE-AZRTOS-L5_V2.0.0, X-CUBE-AZRTOS-WB_V2.0.0, X-CUBE-AZRTOS-WL_V2.0.0, X-CUBE-BLE1_V7.1.0, X-CUBE-BLE2_V3.3.0, X-CUBE-BLEMGR_V4.1.0, X-CUBE-EEPRMA1_V5.2.0, X-CUBE-FREERTOS_V1.3.1, X-CUBE-GNSS1_V6.0.0, X-CUBE-MEMS1_V11.3.0, X-CUBE-NFC4_V3.0.0, X-CUBE-NFC7_V2.0.0, X-CUBE-SFXS2LP1_V4.0.0, X-CUBE-ST67W61_V1.0.0, X-CUBE-SUBG2_V5.0.0, X-CUBE-TOF1_V3.4.3]
2025-09-24 10:19:57,259 [INFO] DbBoardsSqlite:226 - include board P-NUCLEO-WB55-NUCLEO as a kit item of type 'Nucleo-64'
2025-09-24 10:19:57,259 [INFO] DbBoardsSqlite:226 - include board P-NUCLEO-WB55-USBDONGLE as a kit item of type 'Nucleo USB Dongle'
2025-09-24 10:19:57,259 [INFO] DbBoardsSqlite:226 - include board STEVAL-IDP005V1 as a kit item of type 'Evaluation Board'
2025-09-24 10:19:57,259 [INFO] DbBoardsSqlite:226 - include board STEVAL-IDP005V2 as a kit item of type 'Evaluation Board'
2025-09-24 10:19:57,299 [INFO] ApiDb:240 - Found 880 in-development CPN: [B-G473E-ZEST1S, B-WB1M-WPAN1, B-WBA5M-WPAN, B-WL5M-SUBG1, NUCLEO-C031C6, NUCLEO-C051C8, NUCLEO-C071RB, NUCLEO-C092RC, NUCLEO-H503RB, NUCLEO-H533RE, NUCLEO-H563ZI, NUCLEO-H7S3L8, NUCLEO-N657X0-Q, NUCLEO-U031R8, NUCLEO-U083RC, NUCLEO-U385RG-Q, NUCLEO-U545RE-Q, NUCLEO-U5A5ZJ-Q, NUCLEO-WB05KZ, NUCLEO-WB07CC, NUCLEO-WB09KE, NUCLEO-WBA52CG, NUCLEO-WBA55CG, NUCLEO-WL33CC1, NUCLEO-WL33CC2, STEVAL-PROTEUS1, STEVAL-SMARTAG2, STEVAL-STWINBX1, STM320518-EVAL, STM32C0116-DK, STM32C011D6Y3TR, STM32C011D6Y6TR, STM32C011F4P3, STM32C011F4P6, STM32C011F4U3, STM32C011F4U6TR, STM32C011F6P3, STM32C011F6P6, STM32C011F6U3, STM32C011F6U6TR, STM32C011J4M3, STM32C011J4M6, STM32C011J6M3, STM32C011J6M6, STM32C0316-DK, STM32C031C4T3, STM32C031C4T6, STM32C031C4U3, STM32C031C4U6, STM32C031C6T3, STM32C031C6T6, STM32C031C6U3, STM32C031C6U6, STM32C031F4P3, STM32C031F4P6, STM32C031F6P3, STM32C031F6P6, STM32C031G4U3, STM32C031G4U6, STM32C031G6U3, STM32C031G6U6, STM32C031K4T3, STM32C031K4T6, STM32C031K4U3, STM32C031K4U6, STM32C031K6T3, STM32C031K6T6, STM32C031K6U3, STM32C031K6U6, STM32C051C6T6, STM32C051C6U6, STM32C051C8T6, STM32C051C8U6, STM32C051D8Y6TR, STM32C051F6P6, STM32C051F8P6, STM32C051G6U6, STM32C051G8U6, STM32C051K6T6, STM32C051K6U6, STM32C051K8T6, STM32C071C8T6, STM32C071C8T6N, STM32C071C8U6, STM32C071C8U6N, STM32C071CBT6, STM32C071CBT6N, STM32C071CBU6, STM32C071CBU6N, STM32C071F8P6, STM32C071F8P6N, STM32C071FBP6, STM32C071FBP6N, STM32C071FBY6TR, STM32C071G8U6, STM32C071G8U6N, STM32C071GBU6, STM32C071GBU6N, STM32C071K8T6, STM32C071K8T6N, STM32C071K8U6, STM32C071K8U6N, STM32C071KBT6, STM32C071KBT6N, STM32C071KBU6, STM32C071KBU6N, STM32C071R8T6, STM32C071R8T6N, STM32C071RBI6N, STM32C071RBT6, STM32C071RBT6N, STM32C091CBT6, STM32C091CBU6, STM32C091CCT6, STM32C091CCU6, STM32C091ECY6TR, STM32C091FBP6, STM32C091FCP6, STM32C091GBU6, STM32C091GCU6, STM32C091KBT6, STM32C091KBU6, STM32C091KCT6, STM32C091KCU6, STM32C091RBT6, STM32C091RCI6, STM32C091RCT6, STM32C092CBT6, STM32C092CBU6, STM32C092CCT6, STM32C092CCU6, STM32C092ECY6TR, STM32C092FBP6, STM32C092FCP6, STM32C092GBU6, STM32C092GCU6, STM32C092KBT6, STM32C092KBU6, STM32C092KCT6, STM32C092KCU6, STM32C092RBT6, STM32C092RCI6, STM32C092RCT6, STM32G071K8TXN, STM32G071K8UXN, STM32G081GBU6N, STM32G081KBT6N, STM32G081KBUXN, STM32G0B1CCT6N, STM32G0B1KCT6, STM32G0B1NEY6TR, STM32G0B1RCT6N, STM32G0C1CCT6, STM32G0C1CCT6N, STM32G0C1CCU6N, STM32G0C1CET6N, STM32G0C1CEU6N, STM32G0C1KCT6, STM32G0C1NEY6TR, STM32G0C1RCI6N, STM32G0C1RCT6N, STM32G0C1REI6N, STM32G0C1RET6N, STM32G0C1VCI6, STM32G0C1VEI6, STM32G411C6T3, STM32G411C6T6, STM32G411C6U3, STM32G411C6U6, STM32G411C8T3, STM32G411C8T6, STM32G411C8U3, STM32G411C8U6, STM32G411CBT3, STM32G411CBT6, STM32G411CBU3, STM32G411CBU6, STM32G411K6T3, STM32G411K6T6, STM32G411K6U3, STM32G411K6U6, STM32G411K8T3, STM32G411K8T6, STM32G411K8U3, STM32G411K8U6, STM32G411KBT3, STM32G411KBT6, STM32G411KBU3, STM32G411KBU6, STM32G411M6T3, STM32G411M6T6, STM32G411M8T3, STM32G411M8T6, STM32G411MBT3, STM32G411MBT6, STM32G411R6T3, STM32G411R6T6, STM32G411R8T3, STM32G411R8T6, STM32G411RBT3, STM32G411RBT6, STM32G414CBT3, STM32G414CBT6, STM32G414CBU3, STM32G414CBU6, STM32G414CCT3, STM32G414CCT6, STM32G414CCU3, STM32G414CCU6, STM32G414MBT3, STM32G414MBT6, STM32G414MCT3, STM32G414MCT6, STM32G414RBT3, STM32G414RBT6, STM32G414RCT3, STM32G414RCT6, STM32G414VBT3, STM32G414VBT6, STM32G414VCT3, STM32G414VCT6, STM32G431CBT3Z, STM32G431RBT3Z, STM32G471CCT6, STM32G471CCU6, STM32G471CET3, STM32G471CET6, STM32G471CEU3, STM32G471CEU6, STM32G471MCT6, STM32G471MET3, STM32G471MET6, STM32G471MEY6TR, STM32G471QCT6, STM32G471QET3, STM32G471RCT6, STM32G471RET3, STM32G471RET6, STM32G471VCH6, STM32G471VCI6, STM32G471VCT6, STM32G471VEH3, STM32G471VEH6, STM32G471VEI3, STM32G471VEI6, STM32G471VET3, STM32G471VET6, STM32G473QET3Z, STM32G473RET3Z, STM32G474CCT6, STM32G491RET3Z, STM32H503CBT6, STM32H503CBU6, STM32H503EBY6TR, STM32H503KBU6, STM32H503RBT6, STM32H523CCT6, STM32H523CCU6, STM32H523CET6, STM32H523CEU6, STM32H523HEY6TR, STM32H523RCT6, STM32H523RET6, STM32H523VCI6, STM32H523VCT6, STM32H523VEI6, STM32H523VET6, STM32H523ZCJ6, STM32H523ZCT6, STM32H523ZEJ6, STM32H523ZET6, STM32H533CET6, STM32H533CEU6, STM32H533HEY6TR, STM32H533RET6, STM32H533VEI6, STM32H533VET6, STM32H533ZEJ6, STM32H533ZET6, STM32H562AGI6, STM32H562AII6, STM32H562IGK6, STM32H562IGT6, STM32H562IIK6, STM32H562IIT6, STM32H562RGT6, STM32H562RGV6, STM32H562RIT6, STM32H562RIV6, STM32H562VGT6, STM32H562VIT6, STM32H562ZGT6, STM32H562ZIT6, STM32H563AGI6, STM32H563AII3Q, STM32H563AII6, STM32H563IGK6, STM32H563IGT6, STM32H563IIK3Q, STM32H563IIK6, STM32H563IIT3Q, STM32H563IIT6, STM32H563MIY3QTR, STM32H563RGT6, STM32H563RGV6, STM32H563RIT6, STM32H563RIV6, STM32H563VGT6, STM32H563VIT3Q, STM32H563VIT6, STM32H563ZGT6, STM32H563ZIT3Q, STM32H563ZIT6, STM32H573AII3Q, STM32H573AII6, STM32H573I-DK, STM32H573IIK3Q, STM32H573IIK6, STM32H573IIT3Q, STM32H573IIT6, STM32H573MIY3QTR, STM32H573RIT6, STM32H573RIV6, STM32H573VIT3Q, STM32H573VIT6, STM32H573ZIT3Q, STM32H573ZIT6, STM32H7R3A8I6, STM32H7R3I8K6, STM32H7R3I8T6, STM32H7R3L8H6, STM32H7R3L8H6H, STM32H7R3R8V6, STM32H7R3V8H6, STM32H7R3V8T6, STM32H7R3V8Y6TR, STM32H7R3Z8J6, STM32H7R3Z8T6, STM32H7R7A8I6, STM32H7R7I8K6, STM32H7R7I8T6, STM32H7R7L8H6, STM32H7R7L8H6H, STM32H7R7Z8J6, STM32H7S3A8I6, STM32H7S3I8K6, STM32H7S3I8T6, STM32H7S3L8H6, STM32H7S3L8H6H, STM32H7S3R8V6, STM32H7S3V8H6, STM32H7S3V8T6, STM32H7S3V8Y6TR, STM32H7S3Z8J6, STM32H7S3Z8T6, STM32H7S78-DK, STM32H7S7A8I6, STM32H7S7I8K6, STM32H7S7I8T6, STM32H7S7L8H6, STM32H7S7L8H6H, STM32H7S7Z8J6, STM32L4R5QGI6STR, STM32MP131AAE3, STM32MP131AAF3, STM32MP131AAG3, STM32MP131CAE3, STM32MP131CAF3, STM32MP131CAG3, STM32MP131DAE7, STM32MP131DAF7, STM32MP131DAG7, STM32MP131FAE7, STM32MP131FAF7, STM32MP131FAG7, STM32MP133AAE3, STM32MP133AAF3, STM32MP133AAG3, STM32MP133CAE3, STM32MP133CAF3, STM32MP133CAG3, STM32MP133DAE7, STM32MP133DAF7, STM32MP133DAG7, STM32MP133FAE7, STM32MP133FAF7, STM32MP133FAG7, STM32MP135AAE3, STM32MP135AAF3, STM32MP135AAG3, STM32MP135CAE3, STM32MP135CAF3, STM32MP135CAG3, STM32MP135DAE7, STM32MP135DAF7, STM32MP135DAG7, STM32MP135F-DK, STM32MP135FAE7, STM32MP135FAF7, STM32MP135FAF7T, STM32MP135FAF7U, STM32MP135FAG7, STM32MP211AAL3, STM32MP211AAM3, STM32MP211AAN3, STM32MP211AAO3, STM32MP211CAL3, STM32MP211CAM3, STM32MP211CAN3, STM32MP211CAO3, STM32MP211DAL3, STM32MP211DAM3, STM32MP211DAN3, STM32MP211DAO3, STM32MP211FAL3, STM32MP211FAM3, STM32MP211FAN3, STM32MP211FAO3, STM32MP213AAL3, STM32MP213AAM3, STM32MP213AAN3, STM32MP213AAO3, STM32MP213CAL3, STM32MP213CAM3, STM32MP213CAN3, STM32MP213CAO3, STM32MP213DAL3, STM32MP213DAM3, STM32MP213DAN3, STM32MP213DAO3, STM32MP213FAL3, STM32MP213FAM3, STM32MP213FAN3, STM32MP213FAO3, STM32MP215AAL3, STM32MP215AAM3, STM32MP215AAN3, STM32MP215AAO3, STM32MP215CAL3, STM32MP215CAM3, STM32MP215CAN3, STM32MP215CAO3, STM32MP215DAL3, STM32MP215DAM3, STM32MP215DAN3, STM32MP215DAO3, STM32MP215F-DK, STM32MP215FAL3, STM32MP215FAM3, STM32MP215FAN3, STM32MP215FAO3, STM32MP231AAJ3, STM32MP231AAK3, STM32MP231AAL3, STM32MP231CAJ3, STM32MP231CAK3, STM32MP231CAL3, STM32MP231DAJ3, STM32MP231DAK3, STM32MP231DAL3, STM32MP231FAJ3, STM32MP231FAK3, STM32MP231FAL3, STM32MP233AAJ3, STM32MP233AAK3, STM32MP233AAL3, STM32MP233CAJ3, STM32MP233CAK3, STM32MP233CAL3, STM32MP233DAJ3, STM32MP233DAK3, STM32MP233DAL3, STM32MP233FAJ3, STM32MP233FAK3, STM32MP233FAL3, STM32MP235AAJ3, STM32MP235AAK3, STM32MP235AAL3, STM32MP235CAJ3, STM32MP235CAK3, STM32MP235CAL3, STM32MP235DAJ3, STM32MP235DAK3, STM32MP235DAL3, STM32MP235FAJ3, STM32MP235FAK3, STM32MP235FAL3, STM32MP251AAI3, STM32MP251AAK3, STM32MP251AAL3, STM32MP251CAI3, STM32MP251CAK3, STM32MP251CAL3, STM32MP251DAI3, STM32MP251DAK3, STM32MP251DAL3, STM32MP251FAI3, STM32MP251FAK3, STM32MP251FAL3, STM32MP253AAI3, STM32MP253AAK3, STM32MP253AAL3, STM32MP253CAI3, STM32MP253CAK3, STM32MP253CAL3, STM32MP253DAI3, STM32MP253DAK3, STM32MP253DAL3, STM32MP253FAI3, STM32MP253FAK3, STM32MP253FAL3, STM32MP255AAI3, STM32MP255AAK3, STM32MP255AAL3, STM32MP255CAI3, STM32MP255CAK3, STM32MP255CAL3, STM32MP255DAI3, STM32MP255DAK3, STM32MP255DAL3, STM32MP255FAI3, STM32MP255FAK3, STM32MP255FAL3, STM32MP257AAI3, STM32MP257AAK3, STM32MP257AAL3, STM32MP257CAI3, STM32MP257CAK3, STM32MP257CAL3, STM32MP257DAI3, STM32MP257DAK3, STM32MP257DAL3, STM32MP257F-DK, STM32MP257F-EV1, STM32MP257FAI3, STM32MP257FAK3, STM32MP257FAL3, STM32N645A0H3Q, STM32N645B0H3Q, STM32N645I0H3Q, STM32N645L0H3Q, STM32N645X0H3Q, STM32N645Z0H3Q, STM32N647A0H3Q, STM32N647B0H3Q, STM32N647I0H3Q, STM32N647L0H3Q, STM32N647X0H3Q, STM32N647Z0H3Q, STM32N655A0H3Q, STM32N655B0H3Q, STM32N655I0H3Q, STM32N655L0H3Q, STM32N655X0H3Q, STM32N655Z0H3Q, STM32N6570-DK, STM32N657A0H3Q, STM32N657B0H3Q, STM32N657I0H3Q, STM32N657L0H3Q, STM32N657X0H3Q, STM32N657Z0H3Q, STM32U031C6T6, STM32U031C6U6, STM32U031C8T6, STM32U031C8U6, STM32U031F4P6, STM32U031F6P6, STM32U031F8P6, STM32U031G6Y6TR, STM32U031G8Y6TR, STM32U031K4U6, STM32U031K6U6, STM32U031K8U6, STM32U031R6I6, STM32U031R6T6, STM32U031R8I6, STM32U031R8T6, STM32U073C8T6, STM32U073C8U6, STM32U073CBT6, STM32U073CBU6, STM32U073CCT6, STM32U073CCU6, STM32U073H8Y6TR, STM32U073HBY6TR, STM32U073HCY6TR, STM32U073K8U6, STM32U073KBU6, STM32U073KCU6, STM32U073M8I6, STM32U073M8T6, STM32U073MBI6, STM32U073MBT6, STM32U073MCI6, STM32U073MCT6, STM32U073R8I6, STM32U073R8T6, STM32U073RBI6, STM32U073RBT6, STM32U073RCI6, STM32U073RCT6, STM32U083C-DK, STM32U083CCT6, STM32U083CCU6, STM32U083HCY6TR, STM32U083KCU6, STM32U083MCI6, STM32U083MCT6, STM32U083RCI6, STM32U083RCT6, STM32U375CET6, STM32U375CET6Q, STM32U375CEU6, STM32U375CEU6Q, STM32U375CEY6QTR, STM32U375CGT6, STM32U375CGT6Q, STM32U375CGU6, STM32U375CGU6Q, STM32U375CGY6QTR, STM32U375KEU6, STM32U375KGU6, STM32U375REI6, STM32U375REI6Q, STM32U375RET6, STM32U375RET6Q, STM32U375REY6GTR, STM32U375REY6QTR, STM32U375RGI6, STM32U375RGI6Q, STM32U375RGT6, STM32U375RGT6Q, STM32U375RGY6GTR, STM32U375RGY6QTR, STM32U375VEI6, STM32U375VEI6Q, STM32U375VET6, STM32U375VET6Q, STM32U375VGI6, STM32U375VGI6Q, STM32U375VGT6, STM32U375VGT6Q, STM32U385CGT6, STM32U385CGT6Q, STM32U385CGU6, STM32U385CGU6Q, STM32U385CGY6QTR, STM32U385KGU6, STM32U385RGI6, STM32U385RGI6Q, STM32U385RGT6, STM32U385RGT6Q, STM32U385RGY6GTR, STM32U385RGY6QTR, STM32U385VGI6, STM32U385VGI6Q, STM32U385VGT6, STM32U385VGT6Q, STM32U535CBT6, STM32U535CBT6Q, STM32U535CBU6, STM32U535CBU6Q, STM32U535CCT6, STM32U535CCT6Q, STM32U535CCU6, STM32U535CCU6Q, STM32U535CET6, STM32U535CET6Q, STM32U535CEU6, STM32U535CEU6Q, STM32U535JEY6QTR, STM32U535NCY6QTR, STM32U535NEY6QTR, STM32U535RBI6, STM32U535RBI6Q, STM32U535RBT6, STM32U535RBT6Q, STM32U535RCI6, STM32U535RCI6Q, STM32U535RCT6, STM32U535RCT6Q, STM32U535REI6, STM32U535REI6Q, STM32U535RET6, STM32U535RET6Q, STM32U535VCI6, STM32U535VCI6Q, STM32U535VCT6, STM32U535VCT6Q, STM32U535VEI6, STM32U535VEI6Q, STM32U535VET6, STM32U535VET6Q, STM32U545CET6, STM32U545CET6Q, STM32U545CEU6, STM32U545CEU6Q, STM32U545JEY6QTR, STM32U545NEY6QTR, STM32U545REI6, STM32U545REI6Q, STM32U545RET6, STM32U545RET6Q, STM32U545VEI6, STM32U545VEI6Q, STM32U545VET6, STM32U545VET6Q, STM32U595AIH6, STM32U595AIH6Q, STM32U595AJH6, STM32U595AJH6Q, STM32U595QII6, STM32U595QII6Q, STM32U595QJI6, STM32U595QJI6Q, STM32U595RIT6, STM32U595RIT6Q, STM32U595RJT6, STM32U595RJT6Q, STM32U595VIT6, STM32U595VIT6Q, STM32U595VJT6, STM32U595VJT6Q, STM32U595ZIT6, STM32U595ZIT6Q, STM32U595ZIY6QTR, STM32U595ZJT6, STM32U595ZJT6Q, STM32U595ZJY6QTR, STM32U599BJY6QTR, STM32U599NIH6Q, STM32U599NJH6Q, STM32U599VIT6Q, STM32U599VJT6, STM32U599VJT6Q, STM32U599ZIT6Q, STM32U599ZIY6QTR, STM32U599ZJT6Q, STM32U599ZJY6QTR, STM32U5A5AJH6, STM32U5A5AJH6Q, STM32U5A5QII3Q , STM32U5A5QJI6, STM32U5A5QJI6Q, STM32U5A5RJT6, STM32U5A5RJT6Q, STM32U5A5VJT6, STM32U5A5VJT6Q, STM32U5A5ZJT6, STM32U5A5ZJT6Q, STM32U5A5ZJY6QTR, STM32U5A9BJY6QTR, STM32U5A9J-DK, STM32U5A9NJH6Q, STM32U5A9VJT6Q, STM32U5A9ZJT6Q, STM32U5A9ZJY6QTR, STM32U5F7VIT6, STM32U5F7VIT6Q, STM32U5F7VJT6, STM32U5F7VJT6Q, STM32U5F9BJY6QTR, STM32U5F9NJH6Q, STM32U5F9VIT6Q, STM32U5F9VJT6Q, STM32U5F9ZIJ6QTR, STM32U5F9ZIT6Q, STM32U5F9ZJJ6QTR, STM32U5F9ZJT6Q, STM32U5G7VJT6, STM32U5G7VJT6Q, STM32U5G9BJY6QTR, STM32U5G9J-DK1, STM32U5G9J-DK2, STM32U5G9NJH6Q, STM32U5G9VJT6Q, STM32U5G9ZJJ6QTR, STM32U5G9ZJT6Q, STM32WB05KZV6TR, STM32WB05KZV7TR, STM32WB05TZF6TR, STM32WB05TZF7TR, STM32WB06CCF6TR, STM32WB06CCF7TR, STM32WB06CCV6TR, STM32WB06CCV7TR, STM32WB06KCV6TR, STM32WB06KCV7TR, STM32WB07CCF6TR, STM32WB07CCF7TR, STM32WB07CCV6TR, STM32WB07CCV7TR, STM32WB07KCV6TR, STM32WB07KCV7TR, STM32WB09KEV6TR, STM32WB09KEV7TR, STM32WB09TEF6TR, STM32WB09TEF7TR, STM32WB1MMCH6, STM32WBA50KGU6, STM32WBA50KGU6TR, STM32WBA52CEU6, STM32WBA52CEU6TR, STM32WBA52CEU7, STM32WBA52CEU7TR, STM32WBA52CGU6, STM32WBA52CGU6TR, STM32WBA52CGU6U, STM32WBA52CGU7, STM32WBA52CGU7TR, STM32WBA52KEU6, STM32WBA52KEU6TR, STM32WBA52KGU6, STM32WBA52KGU6TR, STM32WBA54CEU6, STM32WBA54CEU6TR, STM32WBA54CEU7, STM32WBA54CEU7TR, STM32WBA54CGU6, STM32WBA54CGU6TR, STM32WBA54CGU7, STM32WBA54CGU7TR, STM32WBA54KEU6, STM32WBA54KEU6TR, STM32WBA54KEU7, STM32WBA54KEU7TR, STM32WBA54KGU6, STM32WBA54KGU6TR, STM32WBA54KGU7, STM32WBA54KGU7TR, STM32WBA55CEU6, STM32WBA55CEU6TR, STM32WBA55CEU7, STM32WBA55CEU7TR, STM32WBA55CGU6, STM32WBA55CGU6TR, STM32WBA55CGU6U, STM32WBA55CGU7, STM32WBA55CGU7TR, STM32WBA55G-DK1, STM32WBA55HEF6, STM32WBA55HEF7, STM32WBA55HGF6, STM32WBA55HGF7, STM32WBA55UEI6, STM32WBA55UEI6TR, STM32WBA55UEI7, STM32WBA55UEI7TR, STM32WBA55UGI6, STM32WBA55UGI6TR, STM32WBA55UGI7, STM32WBA55UGI7TR, STM32WBA5MMGH6TR, STM32WBA62MGF6, STM32WBA62MIF6, STM32WBA65MGF7, STM32WBA65MIF6, STM32WBA65MIF7, STM32WL30K8V6, STM32WL30KBV6, STM32WL31C8V6, STM32WL31CBV6, STM32WL31K8V6, STM32WL31KBV6, STM32WL33C8V6, STM32WL33C8V6X, STM32WL33CBV6, STM32WL33CBV6X, STM32WL33CCV6, STM32WL33CCV6A, STM32WL33CCV6X, STM32WL33K8V7, STM32WL33K8V7X, STM32WL33KBV7 , STM32WL33KBV7X, STM32WL33KCV7, STM32WL33KCV7X, STM32WL5MOCH6, STM32WL5MOCH6TR]
2025-09-24 10:19:57,457 [INFO] BoardInfo:889 - No configuration file found for board P-NUCLEO-WB55
2025-09-24 10:19:57,458 [INFO] DbBoards:161 - Kit is not supported: P-NUCLEO-WB55
2025-09-24 10:19:57,463 [INFO] BoardInfo:889 - No configuration file found for board STEVAL-BFA001V1B
2025-09-24 10:19:57,463 [INFO] DbBoards:161 - Kit is not supported: STEVAL-BFA001V1B
2025-09-24 10:19:57,464 [INFO] BoardInfo:889 - No configuration file found for board STEVAL-BFA001V2B
2025-09-24 10:19:57,464 [INFO] DbBoards:161 - Kit is not supported: STEVAL-BFA001V2B
2025-09-24 10:19:57,590 [INFO] DbBoards:168 - Found 212 boards, 209 are supported
2025-09-24 10:19:57,592 [INFO] DbBoards:169 - Found 212 boards, 43 of them is supported for  Bsp
2025-09-24 10:19:57,595 [INFO] ApiDb:423 - Load user favorites file /Users/khanh/.stm32cubeide/favorites.boards.txt: 0 item(s)
2025-09-24 10:19:57,596 [INFO] ApiDb:427 - User favorites Boards=[]
2025-09-24 10:19:57,597 [INFO] DbBoards:198 - Set 0 / 0 favorites Boards
2025-09-24 10:19:57,599 [INFO] ApiDb:668 - CubeFinder database Data Model version=2.1
2025-09-24 10:19:57,599 [INFO] ApiDb:669 - CubeFinder database Configuration version=3.0.39
2025-09-24 10:19:57,599 [INFO] ApiDb:670 - CubeFinder database generation date=2025-08-25 (1756130511)
2025-09-24 10:19:57,600 [INFO] ApiDb:671 - CubeFinder database FW Pack versions=[FP-ATR-ASTRA1_V2.0.0, FP-SNS-FLIGHT1_V5.1.0, FP-SNS-MOTENV1_V5.0.0, FP-SNS-MOTENVWB1_V1.4.0, FP-SNS-SMARTAG2_V1.2.0, FP-SNS-STBOX1_V2.1.0, STM32Cube_FW_C0_V1.4.0, STM32Cube_FW_F4_V1.28.3, STM32Cube_FW_F7_V1.17.4, STM32Cube_FW_G0_V1.6.2, STM32Cube_FW_G4_V1.6.1, STM32Cube_FW_H5_V1.5.0, STM32Cube_FW_H7RS_V1.2.0, STM32Cube_FW_H7_V1.12.1, STM32Cube_FW_L0_V1.12.2, STM32Cube_FW_L4_V1.18.1, STM32Cube_FW_L5_V1.5.1, STM32Cube_FW_N6_V1.2.0, STM32Cube_FW_U0_V1.3.0, STM32Cube_FW_U3_V1.2.0, STM32Cube_FW_U5_V1.8.0, STM32Cube_FW_WB0_V1.3.0, STM32Cube_FW_WBA_V1.7.0, STM32Cube_FW_WB_V1.23.0, STM32Cube_FW_WL3_V1.2.0, STM32Cube_FW_WL_V1.3.1, X-CUBE-ALGOBUILD_V1.4.0, X-CUBE-ALS_V1.0.2, X-CUBE-AZRTOS-F4_V1.1.0, X-CUBE-AZRTOS-F7_V1.1.0, X-CUBE-AZRTOS-G0_V1.1.0, X-CUBE-AZRTOS-G4_V2.0.0, X-CUBE-AZRTOS-H7RS_V1.1.0, X-CUBE-AZRTOS-H7_V3.4.0, X-CUBE-AZRTOS-L4_V2.0.0, X-CUBE-AZRTOS-L5_V2.0.0, X-CUBE-AZRTOS-WB_V2.0.0, X-CUBE-AZRTOS-WL_V2.0.0, X-CUBE-BLE1_V7.1.0, X-CUBE-BLE2_V3.3.0, X-CUBE-BLEMGR_V4.1.0, X-CUBE-EEPRMA1_V5.2.0, X-CUBE-FREERTOS_V1.3.1, X-CUBE-GNSS1_V6.0.0, X-CUBE-MEMS1_V11.3.0, X-CUBE-NFC4_V3.0.0, X-CUBE-NFC7_V2.0.0, X-CUBE-SFXS2LP1_V4.0.0, X-CUBE-ST67W61_V1.0.0, X-CUBE-SUBG2_V5.0.0, X-CUBE-TOF1_V3.4.3]
2025-09-24 10:19:58,380 [ERROR] DbExamplesSqlite:437 - Missing JSON key: board_cpn
2025-09-24 10:19:58,386 [ERROR] DbExamplesSqlite:437 - Missing JSON key: board_cpn
2025-09-24 10:19:58,386 [ERROR] DbExamplesSqlite:437 - Missing JSON key: board_cpn
2025-09-24 10:19:58,386 [ERROR] DbExamplesSqlite:437 - Missing JSON key: board_cpn
2025-09-24 10:19:58,830 [ERROR] DbExamplesSqlite:437 - Missing JSON key: board_cpn
2025-09-24 10:19:58,831 [ERROR] DbExamplesSqlite:437 - Missing JSON key: board_cpn
2025-09-24 10:19:58,835 [INFO] DbExamplesSqlite:395 - Ignored 33 examples not supported by CubeIDE
2025-09-24 10:19:58,836 [INFO] DbExamplesSqlite:396 - Found 10871 examples active
2025-09-24 10:19:58,836 [INFO] DbExamplesSqlite:397 - Found 0 examples obsolete
2025-09-24 10:19:58,836 [INFO] DbExamplesSqlite:398 - Found 0 examples under development
2025-09-24 10:19:58,837 [INFO] DbExamplesSqlite:399 - Found 65 examples not building
2025-09-24 10:19:58,840 [INFO] DbExamples:125 - Found 10903 examples
2025-09-24 10:19:58,873 [INFO] DbExamples:222 - Found 134 boards with related examples
2025-09-24 10:19:58,874 [INFO] DbExamples:235 - Found 111 MCUs with related examples
2025-09-24 10:19:58,905 [INFO] ApiDb:414 - User favorites file not found: /Users/khanh/.stm32cubeide/favorites.examples.txt
2025-09-24 10:19:58,905 [INFO] DbExamples:250 - Set 0 / 0 favorites Examples
2025-09-24 10:19:59,301 [INFO] McuFinderGlobals:76 - Set McuFinderConnectedMode to true
2025-09-24 10:19:59,309 [INFO] MultiScanPanel:200 - Auto-refresh data requested => check proxy status ongoing
2025-09-24 10:19:59,312 [INFO] FinderPluginLoader:96 - Searching for filters in installed packs
2025-09-24 10:20:01,263 [INFO] LoadUrlFilesThread:185 - End of LoadServerUrlFiles without Thread
2025-09-24 10:20:01,347 [INFO] DetailPanel:341 - Set advertising image to /Users/khanh/STM32Cube/Repository//en.2400x1350px.jpeg
2025-09-24 10:47:39,866 [INFO] MainUpdater:2872 - connection check result : 10
2025-09-24 10:47:39,871 [INFO] MainUpdater:2872 - connection check result : 10
2025-09-24 10:47:40,440 [INFO] MicroXplorer:468 - Change Database Path : 
2025-09-24 10:47:40,443 [INFO] MicroXplorer:498 - Change Database Version : DB.6.0.150
2025-09-24 10:47:40,448 [WARN] ThirdParty:871 - waiting for thirdparty lock release [close project]
2025-09-24 10:47:40,448 [INFO] ThirdParty:873 - entering critical section [close project]
2025-09-24 10:47:40,458 [INFO] ThirdParty:883 - exiting critical section [close project]
2025-09-24 10:47:40,464 [INFO] PinOutPanel:1589 - setPackage(No Configuration,No Configuration)
2025-09-24 10:47:40,466 [INFO] UtilMem:75 - Begin LoadConfig() Used Memory: 616350168 Bytes (968884224)
2025-09-24 10:47:40,468 [INFO] MicroXplorer:468 - Change Database Path : 
2025-09-24 10:47:40,468 [INFO] MicroXplorer:498 - Change Database Version : DB.6.0.150
2025-09-24 10:47:40,468 [INFO] OpenFileManager:355 - Change cursor
2025-09-24 10:47:40,603 [INFO] Mcu:2029 - Initializing MCU STM32F103C6Ux STM32F103C6Ux STM32F103C6U6A
2025-09-24 10:47:41,341 [INFO] Context:786 - Trying to add GPIOservice into a context  which must be forbidden
2025-09-24 10:47:41,673 [INFO] ImportTextPane:234 - (OptionalMessage_ERROR) Unable to find key (Mcu.ThirdPartyNb) in loaded IOC file
2025-09-24 10:47:41,674 [INFO] ImportTextPane:234 - (OptionalMessage_ERROR) Unable to find key (Mcu.PinsNb) in loaded IOC file
2025-09-24 10:47:41,675 [INFO] ImportTextPane:234 - (OptionalMessage_ERROR) Pin0 (VP_RIF_VS_RIF1) cannot be retrieved for this MCU
2025-09-24 10:47:41,676 [INFO] ImportTextPane:234 - (OptionalMessage_ERROR) Unable to find key (Mcu.IPNb) in loaded IOC file
2025-09-24 10:47:41,794 [INFO] RtosManager:558 - Registered RTOS mode: class=CMSIS, group=RTOS, mode=CMSIS_V1, owner=FREERTOS
2025-09-24 10:47:41,795 [INFO] RtosManager:558 - Registered RTOS mode: class=CMSIS, group=RTOS2, mode=CMSIS_V2, owner=FREERTOS
2025-09-24 10:47:41,795 [INFO] RtosManager:558 - Registered RTOS mode: class=RTOS, group=Core, mode=CMSIS_V1, owner=FREERTOS
2025-09-24 10:47:41,795 [INFO] RtosManager:558 - Registered RTOS mode: class=RTOS, group=Core, mode=CMSIS_V2, owner=FREERTOS
2025-09-24 10:47:41,795 [WARN] ModelIntegratedComponent:184 - Missing modes for component STMicroelectronics:FreeRTOS:0.0.1:STMicroelectronics:RTOS:FreeRTOS:Core:::10.2.0:
2025-09-24 10:47:41,835 [WARN] ModelIntegratedComponent:63 - No mode defined for component null
2025-09-24 10:47:41,835 [WARN] ModelIntegratedComponent:63 - No mode defined for component null
2025-09-24 10:47:41,835 [WARN] ModelIntegratedComponent:63 - No mode defined for component null
2025-09-24 10:47:41,835 [WARN] ModelIntegratedComponent:63 - No mode defined for component null
2025-09-24 10:47:41,835 [WARN] ModelIntegratedComponent:63 - No mode defined for component null
2025-09-24 10:47:41,835 [WARN] ModelIntegratedComponent:63 - No mode defined for component null
2025-09-24 10:47:41,835 [WARN] ModelIntegratedComponent:63 - No mode defined for component null
2025-09-24 10:47:41,835 [WARN] ModelIntegratedComponent:63 - No mode defined for component null
2025-09-24 10:47:41,835 [WARN] ModelIntegratedComponent:63 - No mode defined for component null
2025-09-24 10:47:41,835 [WARN] ModelIntegratedComponent:63 - No mode defined for component null
2025-09-24 10:47:41,835 [WARN] ModelIntegratedComponent:63 - No mode defined for component null
2025-09-24 10:47:41,835 [WARN] ModelIntegratedComponent:63 - No mode defined for component null
2025-09-24 10:47:41,835 [WARN] ModelIntegratedComponent:63 - No mode defined for component null
2025-09-24 10:47:41,836 [WARN] ModelIntegratedComponent:63 - No mode defined for component null
2025-09-24 10:47:41,836 [WARN] ModelIntegratedComponent:63 - No mode defined for component null
2025-09-24 10:47:41,836 [WARN] ModelIntegratedComponent:63 - No mode defined for component null
2025-09-24 10:47:41,836 [WARN] ModelIntegratedComponent:63 - No mode defined for component null
2025-09-24 10:47:41,836 [WARN] ModelIntegratedComponent:63 - No mode defined for component null
2025-09-24 10:47:41,836 [WARN] ModelIntegratedComponent:63 - No mode defined for component null
2025-09-24 10:47:41,836 [WARN] ModelIntegratedComponent:63 - No mode defined for component null
2025-09-24 10:47:41,836 [WARN] ModelIntegratedComponent:63 - No mode defined for component null
2025-09-24 10:47:41,836 [WARN] ModelIntegratedComponent:63 - No mode defined for component null
2025-09-24 10:47:41,836 [WARN] ModelIntegratedComponent:63 - No mode defined for component null
2025-09-24 10:47:41,836 [WARN] ModelIntegratedComponent:63 - No mode defined for component null
2025-09-24 10:47:41,836 [WARN] ModelIntegratedComponent:63 - No mode defined for component null
2025-09-24 10:47:41,836 [WARN] ModelIntegratedComponent:63 - No mode defined for component null
2025-09-24 10:47:41,836 [WARN] ModelIntegratedComponent:63 - No mode defined for component null
2025-09-24 10:47:41,836 [WARN] ModelIntegratedComponent:63 - No mode defined for component null
2025-09-24 10:47:41,836 [WARN] ModelIntegratedComponent:63 - No mode defined for component null
2025-09-24 10:47:41,836 [WARN] ModelIntegratedComponent:63 - No mode defined for component null
2025-09-24 10:47:41,836 [WARN] ModelIntegratedComponent:63 - No mode defined for component null
2025-09-24 10:47:41,836 [WARN] ModelIntegratedComponent:63 - No mode defined for component null
2025-09-24 10:47:41,836 [WARN] ModelIntegratedComponent:63 - No mode defined for component null
2025-09-24 10:47:41,836 [WARN] ModelIntegratedComponent:63 - No mode defined for component null
2025-09-24 10:47:41,836 [WARN] ModelIntegratedComponent:63 - No mode defined for component null
2025-09-24 10:47:41,836 [WARN] ModelPack:524 - Component already loaded: STMicroelectronics:HAL Drivers:0.0.0:STMicroelectronics:Device:STMicro_Driver:XSPI:HAL::0.0.1:HAL_XSPI
2025-09-24 10:47:41,977 [INFO] ThirdPartyModel:298 - Start build external matchings
2025-09-24 10:47:42,423 [INFO] ThirdPartyModel:316 - End build external matchings
2025-09-24 10:47:42,595 [INFO] UtilMem:75 - End LoadConfig() Used Memory: 772251568 Bytes (968884224)
2025-09-24 10:47:42,638 [WARN] ThirdParty:833 - waiting for thirdparty lock release [change project]
2025-09-24 10:47:42,641 [INFO] ThirdParty:835 - entering critical section [change project]
2025-09-24 10:47:42,641 [INFO] ThirdParty:1030 - CMSIS Pack Vendor :STMicroelectronics X-CUBE-PM33A1 1.0.0
2025-09-24 10:47:42,641 [INFO] ThirdParty:1030 - CMSIS Pack Vendor :STMicroelectronics USBPD 4.1
2025-09-24 10:47:42,641 [INFO] ThirdParty:1030 - CMSIS Pack Vendor :STMicroelectronics X-CUBE-NFC9 1.0.0
2025-09-24 10:47:42,641 [INFO] ThirdParty:1030 - CMSIS Pack Vendor :STMicroelectronics USB_HOST 2.0.0
2025-09-24 10:47:42,641 [INFO] ThirdParty:1030 - CMSIS Pack Vendor :STMicroelectronics FP-SNS-MOTENVWB1 1.4.0
2025-09-24 10:47:42,641 [INFO] ThirdParty:1030 - CMSIS Pack Vendor :STMicroelectronics X-CUBE-AZRTOS-F4 1.1.0
2025-09-24 10:47:42,641 [INFO] ThirdParty:1030 - CMSIS Pack Vendor :STMicroelectronics LIBJPEG 8.0.0
2025-09-24 10:47:42,641 [INFO] ThirdParty:1030 - CMSIS Pack Vendor :STMicroelectronics FP-ATR-ASTRA1 2.0.2
2025-09-24 10:47:42,641 [INFO] ThirdParty:1030 - CMSIS Pack Vendor :wolfSSL I-CUBE-wolfSSL 5.8.2
2025-09-24 10:47:42,641 [INFO] ThirdParty:1030 - CMSIS Pack Vendor :STMicroelectronics X-CUBE-BLE1 7.1.0
2025-09-24 10:47:42,641 [INFO] ThirdParty:1030 - CMSIS Pack Vendor :Avnet-IotConnect X-CUBE-IoTC-DA16k-PMOD 1.0.0
2025-09-24 10:47:42,641 [INFO] ThirdParty:1030 - CMSIS Pack Vendor :STMicroelectronics X-CUBE-SMBUS 2.1.0
2025-09-24 10:47:42,641 [INFO] ThirdParty:1030 - CMSIS Pack Vendor :wolfSSL I-CUBE-wolfMQTT 1.19.2
2025-09-24 10:47:42,641 [INFO] ThirdParty:1030 - CMSIS Pack Vendor :STMicroelectronics USB_DEVICE 3.0.0
2025-09-24 10:47:42,641 [INFO] ThirdParty:1030 - CMSIS Pack Vendor :STMicroelectronics X-CUBE-ISPU 2.1.0
2025-09-24 10:47:42,641 [INFO] ThirdParty:1030 - CMSIS Pack Vendor :STMicroelectronics X-CUBE-EEPRMA1 5.2.0
2025-09-24 10:47:42,641 [INFO] ThirdParty:1030 - CMSIS Pack Vendor :STMicroelectronics X-CUBE-BLEMGR 4.1.0
2025-09-24 10:47:42,641 [INFO] ThirdParty:1030 - CMSIS Pack Vendor :STMicroelectronics X-CUBE-AZRTOS-WB 2.0.0
2025-09-24 10:47:42,641 [INFO] ThirdParty:1030 - CMSIS Pack Vendor :STMicroelectronics X-CUBE-ST60 1.0.0
2025-09-24 10:47:42,641 [INFO] ThirdParty:1030 - CMSIS Pack Vendor :STMicroelectronics X-CUBE-GNSS1 7.0.1
2025-09-24 10:47:42,641 [INFO] ThirdParty:1030 - CMSIS Pack Vendor :STMicroelectronics X-CUBE-NFC12 1.0.0
2025-09-24 10:47:42,641 [INFO] ThirdParty:1030 - CMSIS Pack Vendor :STMicroelectronics X-CUBE-AZRTOS-F7 1.1.0
2025-09-24 10:47:42,641 [INFO] ThirdParty:1030 - CMSIS Pack Vendor :STMicroelectronics X-CUBE-AZRTOS-L5 2.0.0
2025-09-24 10:47:42,641 [INFO] ThirdParty:1030 - CMSIS Pack Vendor :STMicroelectronics X-CUBE-TOUCHGFX 4.25.0
2025-09-24 10:47:42,641 [INFO] ThirdParty:1030 - CMSIS Pack Vendor :STMicroelectronics USB_DEVICE 2.0.0
2025-09-24 10:47:42,641 [INFO] ThirdParty:1030 - CMSIS Pack Vendor :STMicroelectronics X-CUBE-NFC6 3.1.0
2025-09-24 10:47:42,641 [INFO] ThirdParty:1030 - CMSIS Pack Vendor :quantropi X-CUBE-qispace-sdk-base 2.1.0
2025-09-24 10:47:42,641 [INFO] ThirdParty:1030 - CMSIS Pack Vendor :STMicroelectronics FreeRTOS 0.0.1
2025-09-24 10:47:42,641 [INFO] ThirdParty:1030 - CMSIS Pack Vendor :STMicroelectronics X-CUBE-AZRTOS-G0 1.1.0
2025-09-24 10:47:42,642 [INFO] ThirdParty:1030 - CMSIS Pack Vendor :STMicroelectronics X-CUBE-SAFEA1 1.2.2
2025-09-24 10:47:42,642 [INFO] ThirdParty:1030 - CMSIS Pack Vendor :STMicroelectronics X-CUBE-NFC4 3.0.0
2025-09-24 10:47:42,642 [INFO] ThirdParty:1030 - CMSIS Pack Vendor :STMicroelectronics X-CUBE-SUBG2 5.0.0
2025-09-24 10:47:42,642 [INFO] ThirdParty:1030 - CMSIS Pack Vendor :STMicroelectronics X-CUBE-AZRTOS-H7RS 1.1.0
2025-09-24 10:47:42,642 [INFO] ThirdParty:1030 - CMSIS Pack Vendor :STMicroelectronics STM32_WPAN 1.0.0
2025-09-24 10:47:42,642 [INFO] ThirdParty:1030 - CMSIS Pack Vendor :EmbeddedOffice I-CUBE-FS-RTOS 1.0.1
2025-09-24 10:47:42,642 [INFO] ThirdParty:1030 - CMSIS Pack Vendor :STMicroelectronics lwIP 2.0.3
2025-09-24 10:47:42,642 [INFO] ThirdParty:1030 - CMSIS Pack Vendor :WES I-CUBE-Cesium 1.4.0
2025-09-24 10:47:42,644 [INFO] ThirdParty:1030 - CMSIS Pack Vendor :Cesanta I-CUBE-Mongoose 7.13.0
2025-09-24 10:47:42,644 [INFO] ThirdParty:1030 - CMSIS Pack Vendor :STMicroelectronics USB_HOST 1.0.0
2025-09-24 10:47:42,644 [INFO] ThirdParty:1030 - CMSIS Pack Vendor :Infineon AIROC-Wi-Fi-Bluetooth-STM32 1.7.1
2025-09-24 10:47:42,644 [INFO] ThirdParty:1030 - CMSIS Pack Vendor :STMicroelectronics X-CUBE-AZRTOS-G4 2.0.0
2025-09-24 10:47:42,644 [INFO] ThirdParty:1030 - CMSIS Pack Vendor :STMicroelectronics X-CUBE-WB05N 2.0.0
2025-09-24 10:47:42,644 [INFO] ThirdParty:1030 - CMSIS Pack Vendor :STMicroelectronics PDM2PCM 3.1.0
2025-09-24 10:47:42,644 [INFO] ThirdParty:1030 - CMSIS Pack Vendor :STMicroelectronics PDM2PCM 3.3.0
2025-09-24 10:47:42,644 [INFO] ThirdParty:1030 - CMSIS Pack Vendor :wolfSSL I-CUBE-wolfTPM 3.8.0
2025-09-24 10:47:42,644 [INFO] ThirdParty:1030 - CMSIS Pack Vendor :STMicroelectronics X-CUBE-AZRTOS-H7 3.4.0
2025-09-24 10:47:42,644 [INFO] ThirdParty:1030 - CMSIS Pack Vendor :STMicroelectronics X-CUBE-DISPLAY 3.0.0
2025-09-24 10:47:42,644 [INFO] ThirdParty:1030 - CMSIS Pack Vendor :wolfSSL I-CUBE-wolfSSH 1.4.20
2025-09-24 10:47:42,644 [INFO] ThirdParty:1030 - CMSIS Pack Vendor :STMicroelectronics X-CUBE-NFC7 2.0.0
2025-09-24 10:47:42,644 [INFO] ThirdParty:1030 - CMSIS Pack Vendor :STMicroelectronics X-CUBE-TCPP 4.2.0
2025-09-24 10:47:42,644 [INFO] ThirdParty:1030 - CMSIS Pack Vendor :RealThread X-CUBE-RT-Thread_Nano 4.1.1
2025-09-24 10:47:42,644 [INFO] ThirdParty:1030 - CMSIS Pack Vendor :STMicroelectronics FP-ATR-SIGFOX1 3.2.0
2025-09-24 10:47:42,644 [INFO] ThirdParty:1030 - CMSIS Pack Vendor :STMicroelectronics X-CUBE-NFC10 1.0.0
2025-09-24 10:47:42,644 [INFO] ThirdParty:1030 - CMSIS Pack Vendor :STMicroelectronics X-CUBE-FREERTOS 1.3.1
2025-09-24 10:47:42,644 [INFO] ThirdParty:1030 - CMSIS Pack Vendor :STMicroelectronics HAL Drivers 0.0.0
2025-09-24 10:47:42,644 [INFO] ThirdParty:1030 - CMSIS Pack Vendor :STMicroelectronics MBEDTLS 2.16.2
2025-09-24 10:47:42,644 [INFO] ThirdParty:1030 - CMSIS Pack Vendor :STMicroelectronics X-CUBE-IPS 3.1.0
2025-09-24 10:47:42,644 [INFO] ThirdParty:1030 - CMSIS Pack Vendor :STMicroelectronics X-CUBE-ALS 1.0.2
2025-09-24 10:47:42,644 [INFO] ThirdParty:1030 - CMSIS Pack Vendor :emotas I-CUBE-CANOPEN 1.3.0
2025-09-24 10:47:42,644 [INFO] ThirdParty:1030 - CMSIS Pack Vendor :STMicroelectronics MBEDTLS 2.14.1
2025-09-24 10:47:42,644 [INFO] ThirdParty:1030 - CMSIS Pack Vendor :ITTIA_DB I-CUBE-ITTIADB 8.9.0
2025-09-24 10:47:42,644 [INFO] ThirdParty:1030 - CMSIS Pack Vendor :STMicroelectronics X-CUBE-STSE01 1.0.0
2025-09-24 10:47:42,644 [INFO] ThirdParty:1030 - CMSIS Pack Vendor :portGmbH I-Cube-SoM-uGOAL 1.1.0
2025-09-24 10:47:42,644 [INFO] ThirdParty:1030 - CMSIS Pack Vendor :STMicroelectronics X-CUBE-ST67W61 1.0.0
2025-09-24 10:47:42,644 [INFO] ThirdParty:1030 - CMSIS Pack Vendor :STMicroelectronics FP-SNS-STBOX1 2.1.0
2025-09-24 10:47:42,644 [INFO] ThirdParty:1030 - CMSIS Pack Vendor :STMicroelectronics X-CUBE-AI 10.2.0
2025-09-24 10:47:42,644 [INFO] ThirdParty:1030 - CMSIS Pack Vendor :STMicroelectronics FP-SNS-STAIOTCFT 1.0.0
2025-09-24 10:47:42,645 [INFO] ThirdParty:1030 - CMSIS Pack Vendor :STMicroelectronics ThreadX 1.0.0
2025-09-24 10:47:42,646 [INFO] ThirdParty:1030 - CMSIS Pack Vendor :STMicroelectronics FP-SNS-SMARTAG2 1.2.0
2025-09-24 10:47:42,646 [INFO] ThirdParty:1030 - CMSIS Pack Vendor :STMicroelectronics FP-SNS-FLIGHT1 5.1.0
2025-09-24 10:47:42,646 [INFO] ThirdParty:1030 - CMSIS Pack Vendor :STMicroelectronics X-CUBE-AZRTOS-WL 2.0.0
2025-09-24 10:47:42,647 [INFO] ThirdParty:1030 - CMSIS Pack Vendor :SEGGER I-CUBE-embOS 1.3.1
2025-09-24 10:47:42,647 [INFO] ThirdParty:1030 - CMSIS Pack Vendor :STMicroelectronics X-CUBE-ALGOBUILD 1.4.0
2025-09-24 10:47:42,648 [INFO] ThirdParty:1030 - CMSIS Pack Vendor :STMicroelectronics X-CUBE-DPower 1.3.0
2025-09-24 10:47:42,649 [INFO] ThirdParty:1030 - CMSIS Pack Vendor :STMicroelectronics X-CUBE-MEMS1 11.3.0
2025-09-24 10:47:42,650 [INFO] ThirdParty:1030 - CMSIS Pack Vendor :STMicroelectronics FP-SNS-MOTENV1 5.0.0
2025-09-24 10:47:42,650 [INFO] ThirdParty:1030 - CMSIS Pack Vendor :STMicroelectronics USB_DEVICE 1.0.0
2025-09-24 10:47:42,650 [INFO] ThirdParty:1030 - CMSIS Pack Vendor :STMicroelectronics X-CUBE-AZRTOS-L4 2.0.0
2025-09-24 10:47:42,650 [INFO] ThirdParty:1030 - CMSIS Pack Vendor :STMicroelectronics ThreadX 0.0.2
2025-09-24 10:47:42,650 [INFO] ThirdParty:1030 - CMSIS Pack Vendor :STMicroelectronics lwIP 2.1.2
2025-09-24 10:47:42,650 [INFO] ThirdParty:1030 - CMSIS Pack Vendor :STMicroelectronics X-CUBE-SFXS2LP1 4.0.0
2025-09-24 10:47:42,650 [INFO] ThirdParty:1030 - CMSIS Pack Vendor :STMicroelectronics X-CUBE-BLE2 3.3.0
2025-09-24 10:47:42,650 [INFO] ThirdParty:1030 - CMSIS Pack Vendor :STMicroelectronics X-CUBE-TOF1 3.4.3
2025-09-24 10:47:42,650 [INFO] ThirdParty:1030 - CMSIS Pack Vendor :STMicroelectronics PDM2PCM 3.2.0
2025-09-24 10:47:42,651 [INFO] ThirdParty:841 - exiting critical section [change project]
2025-09-24 10:47:43,043 [INFO] PinOutPanel:1589 - setPackage(No Configuration,No Configuration)
2025-09-24 10:47:43,045 [INFO] PinOutPanel:1589 - setPackage(STM32F103C6Ux,UFQFPN48)
2025-09-24 10:47:43,940 [INFO] UtilMem:75 - Before build in PCC Used Memory: 353194544 Bytes (968884224)
2025-09-24 10:47:45,078 [INFO] UtilMem:75 - After build in PCC Used Memory: 667767344 Bytes (968884224)
2025-09-24 10:47:45,142 [INFO] IPUIPlugin:80 - create IPUIPlugin
2025-09-24 10:47:45,143 [INFO] IPUIPlugin:80 - create IPUIPlugin
2025-09-24 10:47:45,144 [INFO] IPUIPlugin:80 - create IPUIPlugin
2025-09-24 10:47:45,145 [INFO] IPUIPlugin:80 - create IPUIPlugin
2025-09-24 10:47:45,145 [INFO] IPUIPlugin:80 - create IPUIPlugin
2025-09-24 10:47:45,145 [INFO] IPUIPlugin:80 - create IPUIPlugin
2025-09-24 10:47:45,145 [INFO] IPUIPlugin:80 - create IPUIPlugin
2025-09-24 10:47:45,146 [INFO] IPUIPlugin:80 - create IPUIPlugin
2025-09-24 10:47:45,146 [INFO] IPUIPlugin:80 - create IPUIPlugin
2025-09-24 10:47:45,146 [INFO] IPUIPlugin:80 - create IPUIPlugin
2025-09-24 10:47:45,146 [INFO] IPUIPlugin:80 - create IPUIPlugin
2025-09-24 10:47:45,146 [INFO] IPUIPlugin:80 - create IPUIPlugin
2025-09-24 10:47:45,147 [INFO] IPUIPlugin:80 - create IPUIPlugin
2025-09-24 10:47:45,147 [INFO] IPUIPlugin:80 - create IPUIPlugin
2025-09-24 10:47:45,147 [INFO] IPUIPlugin:80 - create IPUIPlugin
2025-09-24 10:47:45,147 [INFO] IPUIPlugin:80 - create IPUIPlugin
2025-09-24 10:47:45,147 [INFO] IPUIPlugin:80 - create IPUIPlugin
2025-09-24 10:47:45,147 [INFO] IPUIPlugin:80 - create IPUIPlugin
2025-09-24 10:47:45,147 [INFO] IPUIPlugin:80 - create IPUIPlugin
2025-09-24 10:47:45,147 [INFO] IPUIPlugin:80 - create IPUIPlugin
2025-09-24 10:47:45,150 [INFO] IPUIPlugin:80 - create IPUIPlugin
2025-09-24 10:47:45,150 [INFO] IPUIPlugin:80 - create IPUIPlugin
2025-09-24 10:47:45,151 [INFO] IPUIPlugin:80 - create IPUIPlugin
2025-09-24 10:47:45,335 [INFO] CADModel:165 - CPN selected for project levelSTM32F103C6U6A
2025-09-24 10:47:45,335 [INFO] CADModel:114 - Register for checkConnection events
2025-09-24 10:47:45,391 [INFO] OpenFileManager:386 - Restore cursor
2025-09-24 10:47:46,500 [INFO] UtilMem:75 - End SaveConfig() Used Memory: 306138760 Bytes (968884224)
2025-09-24 10:47:46,579 [INFO] UtilMem:75 - End SaveConfig() Used Memory: 317150856 Bytes (968884224)
2025-09-24 10:47:47,000 [INFO] BlockDiagram:2775 - set Specific Code input for plugin: NVIC
2025-09-24 10:47:47,001 [INFO] BlockDiagram:2775 - set Specific Code input for plugin: RCC
2025-09-24 10:47:47,001 [INFO] CodeGenerator:892 - code generatio: config db path: /Applications/STM32CubeIDE.app/Contents/Eclipse/plugins/com.st.stm32cube.common.mx_6.15.0.202507011659//db/
2025-09-24 10:47:47,129 [INFO] CodeEngine:265 - oldGeneratedFile, /Users/khanh/CO3010/CO3010-LAB2-2311523/STM32Project/LAB2/MXTmpFiles/license.tmp_save
2025-09-24 10:47:47,596 [INFO] CodeEngine:289 - Generated code: /Users/khanh/CO3010/CO3010-LAB2-2311523/STM32Project/LAB2/MXTmpFiles/license.tmp
2025-09-24 10:47:47,616 [INFO] CodeEngine:265 - oldGeneratedFile, /Users/khanh/CO3010/CO3010-LAB2-2311523/STM32Project/LAB2/Core/Src/stm32f1xx_it.c_save
2025-09-24 10:47:47,767 [INFO] CodeEngine:289 - Generated code: /Users/khanh/CO3010/CO3010-LAB2-2311523/STM32Project/LAB2/Core/Src/stm32f1xx_it.c
2025-09-24 10:47:47,770 [INFO] CodeEngine:265 - oldGeneratedFile, /Users/khanh/CO3010/CO3010-LAB2-2311523/STM32Project/LAB2/Core/Inc/stm32f1xx_it.h_save
2025-09-24 10:47:47,832 [INFO] CodeEngine:289 - Generated code: /Users/khanh/CO3010/CO3010-LAB2-2311523/STM32Project/LAB2/Core/Inc/stm32f1xx_it.h
2025-09-24 10:47:47,936 [INFO] CodeEngine:265 - oldGeneratedFile, /Users/khanh/CO3010/CO3010-LAB2-2311523/STM32Project/LAB2/Core/Src/stm32f1xx_hal_msp.c_save
2025-09-24 10:47:48,144 [INFO] CodeEngine:289 - Generated code: /Users/khanh/CO3010/CO3010-LAB2-2311523/STM32Project/LAB2/Core/Src/stm32f1xx_hal_msp.c
2025-09-24 10:47:48,150 [INFO] CodeEngine:265 - oldGeneratedFile, /Users/khanh/CO3010/CO3010-LAB2-2311523/STM32Project/LAB2/MXTmpFiles/system.tmp_save
2025-09-24 10:47:48,248 [INFO] CodeEngine:289 - Generated code: /Users/khanh/CO3010/CO3010-LAB2-2311523/STM32Project/LAB2/MXTmpFiles/system.tmp
2025-09-24 10:47:48,257 [INFO] CodeEngine:321 - oldGeneratedFile, /Users/khanh/CO3010/CO3010-LAB2-2311523/STM32Project/LAB2/Core/Inc/stm32f1xx_hal_conf.h_save
2025-09-24 10:47:48,340 [INFO] CodeEngine:345 - Generated code: /Users/khanh/CO3010/CO3010-LAB2-2311523/STM32Project/LAB2/Core/Inc/stm32f1xx_hal_conf.h
2025-09-24 10:47:48,394 [INFO] ApiDbMcu:532 - Load IP Config File for RCC
2025-09-24 10:47:48,401 [INFO] CodeEngine:265 - oldGeneratedFile, /Users/khanh/CO3010/CO3010-LAB2-2311523/STM32Project/LAB2/Core/Inc/main.h_save
2025-09-24 10:47:48,509 [INFO] CodeEngine:289 - Generated code: /Users/khanh/CO3010/CO3010-LAB2-2311523/STM32Project/LAB2/Core/Inc/main.h
2025-09-24 10:47:48,511 [INFO] CodeEngine:265 - oldGeneratedFile, /Users/khanh/CO3010/CO3010-LAB2-2311523/STM32Project/LAB2/Core/Src/main.c_save
2025-09-24 10:47:48,697 [INFO] CodeEngine:289 - Generated code: /Users/khanh/CO3010/CO3010-LAB2-2311523/STM32Project/LAB2/Core/Src/main.c
2025-09-24 10:47:48,883 [INFO] ProjectBuilder:3606 - Time for Copy HAL[1] : 37mS.
2025-09-24 10:47:48,887 [INFO] ProjectBuilder:5216 - Project Generator version: 4.7.0-B52
2025-09-24 10:47:49,012 [INFO] ConfigFileManager:1595 - The Die is : DIE412
2025-09-24 10:47:49,023 [INFO] ApiDbMcu:532 - Load IP Config File for FATFS
2025-09-24 10:47:49,029 [INFO] ApiDbMcu:532 - Load IP Config File for FREERTOS
2025-09-24 10:47:49,058 [INFO] ApiDbMcu:532 - Load IP Config File for USB_DEVICE
2025-09-24 10:47:49,465 [INFO] LogOutputStream:77 - [STDOUT_REDIRECT] 
2025-09-24 10:47:54,315 [INFO] ProjectBuilder:5496 - Time for Generating toolchain IDE Files: 5427mS.
2025-09-24 10:47:54,316 [INFO] ProjectBuilder:3463 - Time for Copy CMSIS : 0mS.
2025-09-24 10:47:54,317 [INFO] ProjectBuilder:3463 - Time for Copy CMSIS : 0mS.
2025-09-24 10:47:55,414 [INFO] McuFinderGlobals:76 - Set McuFinderConnectedMode to true
2025-09-24 10:47:55,418 [INFO] ApiDb:448 - Save user favorites file /Users/khanh/.stm32cubeide/favorites.mcus.txt: 0 item(s)
2025-09-24 10:47:55,418 [INFO] ApiDb:452 - User favorites MCUs=[]
2025-09-24 11:18:27,255 [INFO] NvicIntPanel:101 - NVIC parent = com.st.microxplorer.plugins.ip.nvic.MultiNvicIntPanel[,0,0,0x0,invalid,layout=javax.swing.BoxLayout,alignmentX=0.0,alignmentY=0.0,border=,flags=9,maximumSize=,minimumSize=,preferredSize=]
2025-09-24 11:18:34,059 [INFO] NvicIntPanel:101 - NVIC parent = com.st.microxplorer.plugins.ip.nvic.MultiNvicIntPanel[,0,0,0x0,invalid,layout=javax.swing.BoxLayout,alignmentX=0.0,alignmentY=0.0,border=,flags=9,maximumSize=,minimumSize=,preferredSize=]
2025-09-24 11:18:34,395 [INFO] NvicIntPanel:101 - NVIC parent = com.st.microxplorer.plugins.ip.nvic.MultiNvicIntPanel[,0,0,0x0,invalid,layout=javax.swing.BoxLayout,alignmentX=0.0,alignmentY=0.0,border=,flags=9,maximumSize=,minimumSize=,preferredSize=]
2025-09-24 11:18:35,272 [INFO] NvicIntPanel:101 - NVIC parent = com.st.microxplorer.plugins.ip.nvic.MultiNvicIntPanel[,0,0,0x0,invalid,layout=javax.swing.BoxLayout,alignmentX=0.0,alignmentY=0.0,border=,flags=9,maximumSize=,minimumSize=,preferredSize=]
2025-09-24 11:44:12,398 [INFO] NvicTabbedPanel:226 - Cannot restore the selected Tab for NVIC
2025-09-24 11:44:14,823 [INFO] NvicTabbedPanel:226 - Cannot restore the selected Tab for NVIC
2025-09-24 11:44:16,578 [INFO] NvicTabbedPanel:226 - Cannot restore the selected Tab for NVIC
2025-09-24 11:44:21,497 [INFO] NvicTabbedPanel:226 - Cannot restore the selected Tab for NVIC
2025-09-24 11:44:24,044 [INFO] NvicTabbedPanel:226 - Cannot restore the selected Tab for NVIC
2025-09-24 11:44:25,645 [INFO] NvicTabbedPanel:226 - Cannot restore the selected Tab for NVIC
2025-09-24 11:44:28,161 [INFO] NvicTabbedPanel:226 - Cannot restore the selected Tab for NVIC
2025-09-24 11:45:08,826 [INFO] NvicTabbedPanel:226 - Cannot restore the selected Tab for NVIC
2025-09-24 11:45:39,673 [INFO] NvicTabbedPanel:226 - Cannot restore the selected Tab for NVIC
2025-09-24 11:45:48,607 [INFO] NvicTabbedPanel:226 - Cannot restore the selected Tab for NVIC
2025-09-24 11:46:09,466 [INFO] UtilMem:75 - End SaveConfig() Used Memory: 444098976 Bytes (754974720)
2025-09-24 11:46:11,224 [INFO] UtilMem:75 - End SaveConfig() Used Memory: 462931736 Bytes (754974720)
2025-09-24 11:46:14,900 [INFO] UtilMem:75 - End SaveConfig() Used Memory: 617249888 Bytes (754974720)
2025-09-24 11:46:16,041 [INFO] BlockDiagram:2775 - set Specific Code input for plugin: NVIC
2025-09-24 11:46:16,048 [INFO] BlockDiagram:2775 - set Specific Code input for plugin: SYS
2025-09-24 11:46:16,050 [INFO] BlockDiagram:2775 - set Specific Code input for plugin: GPIO
2025-09-24 11:46:16,050 [INFO] BlockDiagram:2775 - set Specific Code input for plugin: RCC
2025-09-24 11:46:16,050 [INFO] BlockDiagram:2775 - set Specific Code input for plugin: TIM1_8F1
2025-09-24 11:46:16,051 [INFO] CodeGenerator:892 - code generatio: config db path: /Applications/STM32CubeIDE.app/Contents/Eclipse/plugins/com.st.stm32cube.common.mx_6.15.0.202507011659//db/
2025-09-24 11:46:16,239 [INFO] CodeEngine:265 - oldGeneratedFile, /Users/khanh/CO3010/CO3010-LAB2-2311523/STM32Project/LAB2/MXTmpFiles/license.tmp_save
2025-09-24 11:46:17,083 [INFO] CodeEngine:289 - Generated code: /Users/khanh/CO3010/CO3010-LAB2-2311523/STM32Project/LAB2/MXTmpFiles/license.tmp
2025-09-24 11:46:17,193 [INFO] CodeEngine:265 - oldGeneratedFile, /Users/khanh/CO3010/CO3010-LAB2-2311523/STM32Project/LAB2/MXTmpFiles/gpio.tmp_save
2025-09-24 11:46:17,556 [INFO] CodeEngine:289 - Generated code: /Users/khanh/CO3010/CO3010-LAB2-2311523/STM32Project/LAB2/MXTmpFiles/gpio.tmp
2025-09-24 11:46:18,049 [INFO] CodeEngine:265 - oldGeneratedFile, /Users/khanh/CO3010/CO3010-LAB2-2311523/STM32Project/LAB2/Core/Src/stm32f1xx_it.c_save
2025-09-24 11:46:18,417 [INFO] CodeEngine:289 - Generated code: /Users/khanh/CO3010/CO3010-LAB2-2311523/STM32Project/LAB2/Core/Src/stm32f1xx_it.c
2025-09-24 11:46:18,422 [INFO] CodeEngine:265 - oldGeneratedFile, /Users/khanh/CO3010/CO3010-LAB2-2311523/STM32Project/LAB2/Core/Inc/stm32f1xx_it.h_save
2025-09-24 11:46:18,546 [INFO] CodeEngine:289 - Generated code: /Users/khanh/CO3010/CO3010-LAB2-2311523/STM32Project/LAB2/Core/Inc/stm32f1xx_it.h
2025-09-24 11:46:18,555 [INFO] CodeEngine:265 - oldGeneratedFile, /Users/khanh/CO3010/CO3010-LAB2-2311523/STM32Project/LAB2/Core/Src/stm32f1xx_hal_msp.c_save
2025-09-24 11:46:18,741 [INFO] CodeEngine:289 - Generated code: /Users/khanh/CO3010/CO3010-LAB2-2311523/STM32Project/LAB2/Core/Src/stm32f1xx_hal_msp.c
2025-09-24 11:46:18,745 [INFO] CodeEngine:265 - oldGeneratedFile, /Users/khanh/CO3010/CO3010-LAB2-2311523/STM32Project/LAB2/MXTmpFiles/system.tmp_save
2025-09-24 11:46:18,817 [INFO] CodeEngine:289 - Generated code: /Users/khanh/CO3010/CO3010-LAB2-2311523/STM32Project/LAB2/MXTmpFiles/system.tmp
2025-09-24 11:46:18,827 [INFO] CodeEngine:321 - oldGeneratedFile, /Users/khanh/CO3010/CO3010-LAB2-2311523/STM32Project/LAB2/Core/Inc/stm32f1xx_hal_conf.h_save
2025-09-24 11:46:18,904 [INFO] CodeEngine:345 - Generated code: /Users/khanh/CO3010/CO3010-LAB2-2311523/STM32Project/LAB2/Core/Inc/stm32f1xx_hal_conf.h
2025-09-24 11:46:18,984 [INFO] ApiDbMcu:532 - Load IP Config File for TIM2
2025-09-24 11:46:18,988 [WARN] IPConfigManager:3811 - IP not found : TIM
2025-09-24 11:46:18,988 [WARN] CodeGenerator:4259 - IP not found : null
2025-09-24 11:46:18,997 [INFO] CodeEngine:265 - oldGeneratedFile, /Users/khanh/CO3010/CO3010-LAB2-2311523/STM32Project/LAB2/Core/Inc/main.h_save
2025-09-24 11:46:19,184 [INFO] CodeEngine:289 - Generated code: /Users/khanh/CO3010/CO3010-LAB2-2311523/STM32Project/LAB2/Core/Inc/main.h
2025-09-24 11:46:19,187 [INFO] CodeEngine:265 - oldGeneratedFile, /Users/khanh/CO3010/CO3010-LAB2-2311523/STM32Project/LAB2/Core/Src/main.c_save
2025-09-24 11:46:19,336 [INFO] CodeEngine:289 - Generated code: /Users/khanh/CO3010/CO3010-LAB2-2311523/STM32Project/LAB2/Core/Src/main.c
2025-09-24 11:46:19,572 [INFO] ProjectBuilder:3606 - Time for Copy HAL[1] : 53mS.
2025-09-24 11:46:19,577 [INFO] ProjectBuilder:5216 - Project Generator version: 4.7.0-B52
2025-09-24 11:46:19,661 [INFO] ConfigFileManager:1595 - The Die is : DIE412
2025-09-24 11:46:22,295 [INFO] ProjectBuilder:5496 - Time for Generating toolchain IDE Files: 2715mS.
2025-09-24 11:46:22,297 [INFO] ProjectBuilder:3463 - Time for Copy CMSIS : 0mS.
2025-09-24 11:46:22,299 [INFO] ProjectBuilder:3463 - Time for Copy CMSIS : 0mS.
2025-09-24 12:22:46,326 [INFO] WebApp:194 - Connection lost
2025-09-24 12:22:47,856 [INFO] WebApp:191 - Connection restablished
2025-09-24 12:26:10,991 [INFO] WebApp:194 - Connection lost
2025-09-24 12:26:11,344 [INFO] WebApp:191 - Connection restablished
2025-09-24 12:46:50,809 [INFO] WebApp:194 - Connection lost
2025-09-24 13:08:02,461 [INFO] WebApp:191 - Connection restablished
2025-09-24 13:08:51,274 [INFO] WebApp:194 - Connection lost
2025-09-24 13:09:00,364 [INFO] WebApp:191 - Connection restablished
2025-09-24 13:12:13,699 [INFO] WebApp:194 - Connection lost
2025-09-24 13:12:41,972 [INFO] WebApp:191 - Connection restablished
2025-09-24 13:12:46,133 [INFO] WebApp:194 - Connection lost
2025-09-24 13:12:51,140 [INFO] WebApp:191 - Connection restablished
2025-09-24 13:13:22,257 [INFO] WebApp:194 - Connection lost
2025-09-24 13:13:23,681 [INFO] WebApp:191 - Connection restablished
2025-09-24 13:13:30,410 [ERROR] LogOutputStream:75 - [STDERR_REDIRECT] 13:13:30.403 ERROR Chromium process exit code: 139
2025-09-24 13:13:30,413 [ERROR] LogOutputStream:75 - [STDERR_REDIRECT] 
2025-09-24 13:13:30,414 [ERROR] LogOutputStream:75 - [STDERR_REDIRECT] 13:13:30.414 ERROR Crash dump dir: /Users/khanh/Library/Application Support/JxBrowser/7.41.4/CrashReports
2025-09-24 13:13:30,414 [ERROR] LogOutputStream:75 - [STDERR_REDIRECT] 
2025-09-24 13:13:30,418 [ERROR] WebApp:412 - JxBrowser engine crashed! Exit code: 139
2025-09-24 13:29:57,886 [INFO] NvicTabbedPanel:226 - Cannot restore the selected Tab for NVIC
2025-09-24 13:32:03,482 [INFO] NvicTabbedPanel:226 - Cannot restore the selected Tab for NVIC
2025-09-24 13:32:05,642 [INFO] NvicTabbedPanel:226 - Cannot restore the selected Tab for NVIC
2025-09-24 13:32:35,152 [INFO] UtilMem:75 - End SaveConfig() Used Memory: 358939720 Bytes (754974720)
2025-09-24 13:32:36,692 [INFO] UtilMem:75 - End SaveConfig() Used Memory: 415846936 Bytes (754974720)
2025-09-24 13:32:38,861 [INFO] UtilMem:75 - End SaveConfig() Used Memory: 537197592 Bytes (754974720)
2025-09-24 13:32:39,269 [INFO] BlockDiagram:2775 - set Specific Code input for plugin: NVIC
2025-09-24 13:32:39,269 [INFO] BlockDiagram:2775 - set Specific Code input for plugin: SYS
2025-09-24 13:32:39,269 [INFO] BlockDiagram:2775 - set Specific Code input for plugin: GPIO
2025-09-24 13:32:39,269 [INFO] BlockDiagram:2775 - set Specific Code input for plugin: RCC
2025-09-24 13:32:39,269 [INFO] BlockDiagram:2775 - set Specific Code input for plugin: TIM1_8F1
2025-09-24 13:32:39,270 [INFO] CodeGenerator:892 - code generatio: config db path: /Applications/STM32CubeIDE.app/Contents/Eclipse/plugins/com.st.stm32cube.common.mx_6.15.0.202507011659//db/
2025-09-24 13:32:39,407 [INFO] CodeEngine:265 - oldGeneratedFile, /Users/khanh/CO3010/CO3010-LAB2-2311523/STM32Project/LAB2/MXTmpFiles/license.tmp_save
2025-09-24 13:32:39,757 [INFO] CodeEngine:289 - Generated code: /Users/khanh/CO3010/CO3010-LAB2-2311523/STM32Project/LAB2/MXTmpFiles/license.tmp
2025-09-24 13:32:39,799 [INFO] CodeEngine:265 - oldGeneratedFile, /Users/khanh/CO3010/CO3010-LAB2-2311523/STM32Project/LAB2/MXTmpFiles/gpio.tmp_save
2025-09-24 13:32:39,963 [INFO] CodeEngine:289 - Generated code: /Users/khanh/CO3010/CO3010-LAB2-2311523/STM32Project/LAB2/MXTmpFiles/gpio.tmp
2025-09-24 13:32:40,009 [INFO] CodeEngine:265 - oldGeneratedFile, /Users/khanh/CO3010/CO3010-LAB2-2311523/STM32Project/LAB2/Core/Src/stm32f1xx_it.c_save
2025-09-24 13:32:40,239 [INFO] CodeEngine:289 - Generated code: /Users/khanh/CO3010/CO3010-LAB2-2311523/STM32Project/LAB2/Core/Src/stm32f1xx_it.c
2025-09-24 13:32:40,242 [INFO] CodeEngine:265 - oldGeneratedFile, /Users/khanh/CO3010/CO3010-LAB2-2311523/STM32Project/LAB2/Core/Inc/stm32f1xx_it.h_save
2025-09-24 13:32:40,329 [INFO] CodeEngine:289 - Generated code: /Users/khanh/CO3010/CO3010-LAB2-2311523/STM32Project/LAB2/Core/Inc/stm32f1xx_it.h
2025-09-24 13:32:40,334 [INFO] CodeEngine:265 - oldGeneratedFile, /Users/khanh/CO3010/CO3010-LAB2-2311523/STM32Project/LAB2/Core/Src/stm32f1xx_hal_msp.c_save
2025-09-24 13:32:40,480 [INFO] CodeEngine:289 - Generated code: /Users/khanh/CO3010/CO3010-LAB2-2311523/STM32Project/LAB2/Core/Src/stm32f1xx_hal_msp.c
2025-09-24 13:32:40,482 [INFO] CodeEngine:265 - oldGeneratedFile, /Users/khanh/CO3010/CO3010-LAB2-2311523/STM32Project/LAB2/MXTmpFiles/system.tmp_save
2025-09-24 13:32:40,559 [INFO] CodeEngine:289 - Generated code: /Users/khanh/CO3010/CO3010-LAB2-2311523/STM32Project/LAB2/MXTmpFiles/system.tmp
2025-09-24 13:32:40,562 [INFO] CodeEngine:321 - oldGeneratedFile, /Users/khanh/CO3010/CO3010-LAB2-2311523/STM32Project/LAB2/Core/Inc/stm32f1xx_hal_conf.h_save
2025-09-24 13:32:40,645 [INFO] CodeEngine:345 - Generated code: /Users/khanh/CO3010/CO3010-LAB2-2311523/STM32Project/LAB2/Core/Inc/stm32f1xx_hal_conf.h
2025-09-24 13:32:40,659 [WARN] IPConfigManager:3811 - IP not found : TIM
2025-09-24 13:32:40,660 [WARN] CodeGenerator:4259 - IP not found : null
2025-09-24 13:32:40,662 [INFO] CodeEngine:265 - oldGeneratedFile, /Users/khanh/CO3010/CO3010-LAB2-2311523/STM32Project/LAB2/Core/Inc/main.h_save
2025-09-24 13:32:40,796 [INFO] CodeEngine:289 - Generated code: /Users/khanh/CO3010/CO3010-LAB2-2311523/STM32Project/LAB2/Core/Inc/main.h
2025-09-24 13:32:40,798 [INFO] CodeEngine:265 - oldGeneratedFile, /Users/khanh/CO3010/CO3010-LAB2-2311523/STM32Project/LAB2/Core/Src/main.c_save
2025-09-24 13:32:40,969 [INFO] CodeEngine:289 - Generated code: /Users/khanh/CO3010/CO3010-LAB2-2311523/STM32Project/LAB2/Core/Src/main.c
2025-09-24 13:32:41,153 [INFO] ProjectBuilder:3606 - Time for Copy HAL[1] : 45mS.
2025-09-24 13:32:41,157 [INFO] ProjectBuilder:5216 - Project Generator version: 4.7.0-B52
2025-09-24 13:32:41,246 [INFO] ConfigFileManager:1595 - The Die is : DIE412
2025-09-24 13:32:42,454 [ERROR] ConfigurationRetriever:142 - IOException on connection: Connect timed out
2025-09-24 13:32:44,444 [INFO] ProjectBuilder:5496 - Time for Generating toolchain IDE Files: 3272mS.
2025-09-24 13:32:44,456 [INFO] ProjectBuilder:3463 - Time for Copy CMSIS : 1mS.
2025-09-24 13:32:44,460 [INFO] ProjectBuilder:3463 - Time for Copy CMSIS : 0mS.
2025-09-24 13:32:46,591 [ERROR] AdobePublisher:162 - Exception while opening the connection: java.net.SocketTimeoutException: Connect timed out
2025-09-24 13:32:47,927 [ERROR] ConfigurationRetriever:142 - IOException on connection: Connect timed out
2025-09-24 13:32:51,598 [ERROR] AdobePublisher:162 - Exception while opening the connection: java.net.SocketTimeoutException: Connect timed out
2025-09-24 13:32:56,600 [ERROR] AdobePublisher:162 - Exception while opening the connection: java.net.SocketTimeoutException: Connect timed out
2025-09-24 13:33:01,604 [ERROR] AdobePublisher:162 - Exception while opening the connection: java.net.SocketTimeoutException: Connect timed out
2025-09-24 13:33:06,609 [ERROR] AdobePublisher:162 - Exception while opening the connection: java.net.SocketTimeoutException: Connect timed out
2025-09-24 16:16:23,066 [INFO] Activator:176 - 


2025-09-24 16:16:23,068 [INFO] Activator:177 - !SESSION log4j initialized
2025-09-24 16:16:27,630 [INFO] LogOutputStream:77 - [STDOUT_REDIRECT] 
2025-09-24 16:16:27,950 [ERROR] LogOutputStream:75 - [STDERR_REDIRECT] 
2025-09-24 16:16:31,231 [INFO] LogOutputStream:77 - [STDOUT_REDIRECT] 
2025-09-24 16:16:32,226 [INFO] ApplicationProperties:184 - Using Application install path: /Applications/STM32CubeIDE.app/Contents/Eclipse/plugins/com.st.stm32cube.common.mx_6.15.0.202507011659
2025-09-24 16:16:32,245 [INFO] DbMcusXml:78 - Set database path to: /Applications/STM32CubeIDE.app/Contents/Eclipse/plugins/com.st.stm32cube.common.mx_6.15.0.202507011659//db//mcu/
2025-09-24 16:16:32,255 [INFO] ApiDb:274 - Set plugin database path to: /Applications/STM32CubeIDE.app/Contents/Eclipse/plugins/com.st.stm32cube.common.mx_6.15.0.202507011659//db//plugins/boardmanager/
2025-09-24 16:16:32,256 [WARN] ApiDb:259 - Overriding images path with different value:  => /Applications/STM32CubeIDE.app/Contents/Eclipse/plugins/com.st.stm32cube.common.mx_6.15.0.202507011659//db//plugins/mcufinder/images/
2025-09-24 16:16:32,265 [INFO] ApiDb:250 - Set database path to: /Users/khanh/.stmcufinder/plugins/mcufinder//mcu/
2025-09-24 16:16:32,266 [INFO] DbMcusAds:125 - Set database path to: /Users/khanh/.stmcufinder/plugins/mcufinder//mcu/
2025-09-24 16:16:32,268 [INFO] CrossReferenceDbSqlite:203 - Set database path to: /Users/khanh/.stmcufinder/plugins/mcufinder//mcu/cs/
2025-09-24 16:16:32,421 [INFO] RulesReader:64 - Compatibility file has been processed (317 Rules)
2025-09-24 16:16:32,470 [INFO] DbMcusXml:78 - Set database path to: /Applications/STM32CubeIDE.app/Contents/Eclipse/plugins/com.st.stm32cube.common.mx_6.15.0.202507011659//db//mcu/
2025-09-24 16:16:32,470 [INFO] ApiDb:274 - Set plugin database path to: /Applications/STM32CubeIDE.app/Contents/Eclipse/plugins/com.st.stm32cube.common.mx_6.15.0.202507011659//db//plugins/boardmanager/
2025-09-24 16:16:32,471 [INFO] ApiDb:261 - Set plugin images path to: /Applications/STM32CubeIDE.app/Contents/Eclipse/plugins/com.st.stm32cube.common.mx_6.15.0.202507011659//db//plugins/mcufinder/images/
2025-09-24 16:16:32,471 [WARN] DbFile:41 - Overriding database path with different value: /Users/khanh/.stmcufinder/plugins/mcufinder/ => /Users/khanh/.stmcufinder/plugins/mcufinder
2025-09-24 16:16:32,471 [INFO] ApiDb:250 - Set database path to: /Users/khanh/.stmcufinder/plugins/mcufinder//mcu/
2025-09-24 16:16:32,471 [WARN] DbFile:41 - Overriding database path with different value: /Users/khanh/.stmcufinder/plugins/mcufinder/ => /Users/khanh/.stmcufinder/plugins/mcufinder
2025-09-24 16:16:32,471 [INFO] DbMcusAds:125 - Set database path to: /Users/khanh/.stmcufinder/plugins/mcufinder//mcu/
2025-09-24 16:16:32,471 [WARN] DbFile:41 - Overriding database path with different value: /Users/khanh/.stmcufinder/plugins/mcufinder/ => /Users/khanh/.stmcufinder/plugins/mcufinder
2025-09-24 16:16:32,471 [WARN] DbFile:41 - Overriding database path with different value: /Users/khanh/.stmcufinder/plugins/mcufinder/ => /Users/khanh/.stmcufinder/plugins/mcufinder
2025-09-24 16:16:32,472 [INFO] CrossReferenceDbSqlite:203 - Set database path to: /Users/khanh/.stmcufinder/plugins/mcufinder//mcu/cs/
2025-09-24 16:16:32,544 [INFO] MainPanel:274 - HeapMemory: 268435456
2025-09-24 16:16:33,007 [INFO] DbMcusXml:78 - Set database path to: /Applications/STM32CubeIDE.app/Contents/Eclipse/plugins/com.st.stm32cube.common.mx_6.15.0.202507011659//db//mcu/
2025-09-24 16:16:33,007 [INFO] ApiDb:274 - Set plugin database path to: /Applications/STM32CubeIDE.app/Contents/Eclipse/plugins/com.st.stm32cube.common.mx_6.15.0.202507011659//db//plugins/boardmanager/
2025-09-24 16:16:33,007 [INFO] ApiDb:261 - Set plugin images path to: /Applications/STM32CubeIDE.app/Contents/Eclipse/plugins/com.st.stm32cube.common.mx_6.15.0.202507011659//db//plugins/mcufinder/images/
2025-09-24 16:16:33,007 [WARN] DbFile:41 - Overriding database path with different value: /Users/khanh/.stmcufinder/plugins/mcufinder/ => /Users/khanh/.stmcufinder/plugins/mcufinder
2025-09-24 16:16:33,008 [INFO] ApiDb:250 - Set database path to: /Users/khanh/.stmcufinder/plugins/mcufinder//mcu/
2025-09-24 16:16:33,008 [WARN] DbFile:41 - Overriding database path with different value: /Users/khanh/.stmcufinder/plugins/mcufinder/ => /Users/khanh/.stmcufinder/plugins/mcufinder
2025-09-24 16:16:33,008 [INFO] DbMcusAds:125 - Set database path to: /Users/khanh/.stmcufinder/plugins/mcufinder//mcu/
2025-09-24 16:16:33,008 [WARN] DbFile:41 - Overriding database path with different value: /Users/khanh/.stmcufinder/plugins/mcufinder/ => /Users/khanh/.stmcufinder/plugins/mcufinder
2025-09-24 16:16:33,008 [WARN] DbFile:41 - Overriding database path with different value: /Users/khanh/.stmcufinder/plugins/mcufinder/ => /Users/khanh/.stmcufinder/plugins/mcufinder
2025-09-24 16:16:33,008 [INFO] CrossReferenceDbSqlite:203 - Set database path to: /Users/khanh/.stmcufinder/plugins/mcufinder//mcu/cs/
2025-09-24 16:16:33,022 [INFO] ApplicationProperties:184 - Using Application install path: /Applications/STM32CubeIDE.app/Contents/Eclipse/plugins/com.st.stm32cube.common.mx_6.15.0.202507011659
2025-09-24 16:16:33,023 [INFO] PluginManage:196 - Search for loadable plugins [exclusion list=, ]
2025-09-24 16:16:33,024 [INFO] PluginManage:310 - Check plugin analytics
2025-09-24 16:16:33,212 [INFO] AnalyticsPlugin:253 - Accepted Software Licenses: 
2025-09-24 16:16:33,212 [INFO] AnalyticsPlugin:255 - Accepted CMSIS Pack Licenses: 
2025-09-24 16:16:33,212 [INFO] AnalyticsPlugin:257 - Accepted Firmware Licenses: 
2025-09-24 16:16:33,218 [INFO] PluginManage:359 - Loaded plugin analytics (category:tool,tabindex:-1)
2025-09-24 16:16:33,220 [INFO] PluginManage:310 - Check plugin cadmodel
2025-09-24 16:16:33,233 [INFO] CADModel:105 - Init CAD model plugin
2025-09-24 16:16:33,234 [INFO] PluginManage:359 - Loaded plugin cadmodel (category:power,tabindex:5)
2025-09-24 16:16:33,234 [INFO] PluginManage:310 - Check plugin clock
2025-09-24 16:16:33,242 [INFO] PluginManage:359 - Loaded plugin clock (category:base,tabindex:2)
2025-09-24 16:16:33,242 [INFO] PluginManage:310 - Check plugin ddr
2025-09-24 16:16:33,244 [INFO] PluginManage:359 - Loaded plugin ddr (category:tool,tabindex:6)
2025-09-24 16:16:33,244 [INFO] PluginManage:310 - Check plugin filemanager
2025-09-24 16:16:33,380 [INFO] PluginManage:359 - Loaded plugin filemanager (category:base,tabindex:10)
2025-09-24 16:16:33,380 [INFO] PluginManage:310 - Check plugin ipmanager
2025-09-24 16:16:33,390 [INFO] PluginManage:359 - Loaded plugin ipmanager (category:base,tabindex:5)
2025-09-24 16:16:33,390 [INFO] PluginManage:310 - Check plugin lpbam
2025-09-24 16:16:33,402 [INFO] PluginManage:359 - Loaded plugin lpbam (category:base,tabindex:0)
2025-09-24 16:16:33,402 [INFO] PluginManage:310 - Check plugin memorymap
2025-09-24 16:16:33,414 [INFO] PluginManage:359 - Loaded plugin memorymap (category:base,tabindex:4)
2025-09-24 16:16:33,414 [INFO] PluginManage:310 - Check plugin pinoutandconfiguration
2025-09-24 16:16:33,422 [INFO] PluginManage:359 - Loaded plugin pinoutandconfiguration (category:base,tabindex:1)
2025-09-24 16:16:33,422 [INFO] PluginManage:310 - Check plugin pinoutconfig
2025-09-24 16:16:33,538 [WARN] SupportedApi:132 - Cannot load RTOS API schema: s4s-elt-must-match.1: The content of 'definitions' must match (annotation?, (simpleType | complexType)?, (unique | key | keyref)*)). A problem was found starting at: attribute.
2025-09-24 16:16:33,790 [INFO] PluginManage:359 - Loaded plugin pinoutconfig (category:base,tabindex:0)
2025-09-24 16:16:33,791 [INFO] PluginManage:310 - Check plugin power
2025-09-24 16:16:33,801 [INFO] PluginManage:359 - Loaded plugin power (category:power,tabindex:4)
2025-09-24 16:16:33,802 [INFO] PluginManage:310 - Check plugin projectmanager
2025-09-24 16:16:33,831 [INFO] PluginManage:359 - Loaded plugin projectmanager (category:projectmanager,tabindex:4)
2025-09-24 16:16:33,831 [INFO] PluginManage:310 - Check plugin rif
2025-09-24 16:16:33,841 [INFO] PluginManage:359 - Loaded plugin rif (category:base,tabindex:3)
2025-09-24 16:16:33,841 [INFO] PluginManage:310 - Check plugin thirdparty
2025-09-24 16:16:34,009 [INFO] PluginManage:359 - Loaded plugin thirdparty (category:base,tabindex:-1)
2025-09-24 16:16:34,010 [INFO] PluginManage:310 - Check plugin tools
2025-09-24 16:16:34,010 [WARN] IntegrityCheckThread:84 - waiting for thirdparty lock release [integrity check]
2025-09-24 16:16:34,010 [INFO] IntegrityCheckThread:86 - entering critical section [integrity check]
2025-09-24 16:16:34,010 [INFO] ThirdPartyUpdaterWithRetryManager:70 - Updater plugin not ready yet. [1/15]
2025-09-24 16:16:34,011 [INFO] PluginManage:359 - Loaded plugin tools (category:base,tabindex:7)
2025-09-24 16:16:34,012 [INFO] PluginManage:310 - Check plugin tutovideos
2025-09-24 16:16:34,173 [INFO] PluginManage:359 - Loaded plugin tutovideos (category:base,tabindex:-1)
2025-09-24 16:16:34,173 [INFO] PluginManage:310 - Check plugin updater
2025-09-24 16:16:34,198 [INFO] PluginManage:359 - Loaded plugin updater (category:base,tabindex:12)
2025-09-24 16:16:34,199 [INFO] PluginManage:310 - Check plugin userauth
2025-09-24 16:16:34,203 [INFO] UserAuth:118 - Init User Auth plugin
2025-09-24 16:16:34,204 [INFO] PluginManage:359 - Loaded plugin userauth (category:base,tabindex:14)
2025-09-24 16:16:34,204 [INFO] PluginManage:283 - PluginManage : Loaded plugins [18]
2025-09-24 16:16:34,413 [INFO] PinOutPanel:1589 - setPackage(No Configuration,No Configuration)
2025-09-24 16:16:34,485 [INFO] CADModel:165 - CPN selected for project level
2025-09-24 16:16:34,485 [INFO] CADModel:114 - Register for checkConnection events
2025-09-24 16:16:34,494 [INFO] IPUIPlugin:80 - create IPUIPlugin
2025-09-24 16:16:34,495 [INFO] PluginManager:220 - loadIPPluginJar : add mdma
2025-09-24 16:16:34,499 [INFO] IPUIPlugin:80 - create IPUIPlugin
2025-09-24 16:16:34,499 [INFO] PluginManager:220 - loadIPPluginJar : add freertos
2025-09-24 16:16:34,502 [INFO] IPUIPlugin:80 - create IPUIPlugin
2025-09-24 16:16:34,502 [INFO] PluginManager:220 - loadIPPluginJar : add gic
2025-09-24 16:16:34,508 [INFO] IPUIPlugin:80 - create IPUIPlugin
2025-09-24 16:16:34,508 [INFO] PluginManager:220 - loadIPPluginJar : add adc
2025-09-24 16:16:34,509 [INFO] IPUIPlugin:80 - create IPUIPlugin
2025-09-24 16:16:34,509 [INFO] PluginManager:220 - loadIPPluginJar : add gtzc
2025-09-24 16:16:34,510 [INFO] IPUIPlugin:80 - create IPUIPlugin
2025-09-24 16:16:34,510 [INFO] PluginManager:220 - loadIPPluginJar : add quadspi
2025-09-24 16:16:34,511 [INFO] IPUIPlugin:80 - create IPUIPlugin
2025-09-24 16:16:34,512 [INFO] PluginManager:220 - loadIPPluginJar : add aes
2025-09-24 16:16:34,513 [INFO] IPUIPlugin:80 - create IPUIPlugin
2025-09-24 16:16:34,514 [INFO] PluginManager:220 - loadIPPluginJar : add pdm2pcm
2025-09-24 16:16:34,515 [INFO] IPUIPlugin:80 - create IPUIPlugin
2025-09-24 16:16:34,515 [INFO] PluginManager:220 - loadIPPluginJar : add hash
2025-09-24 16:16:34,516 [INFO] IPUIPlugin:80 - create IPUIPlugin
2025-09-24 16:16:34,516 [INFO] PluginManager:220 - loadIPPluginJar : add tim
2025-09-24 16:16:34,517 [INFO] IPUIPlugin:80 - create IPUIPlugin
2025-09-24 16:16:34,517 [INFO] PluginManager:220 - loadIPPluginJar : add tsc
2025-09-24 16:16:34,519 [INFO] IPUIPlugin:80 - create IPUIPlugin
2025-09-24 16:16:34,519 [INFO] PluginManager:220 - loadIPPluginJar : add extmemmanager
2025-09-24 16:16:34,520 [INFO] IPUIPlugin:80 - create IPUIPlugin
2025-09-24 16:16:34,520 [INFO] PluginManager:220 - loadIPPluginJar : add ts
2025-09-24 16:16:34,521 [INFO] IPUIPlugin:80 - create IPUIPlugin
2025-09-24 16:16:34,521 [INFO] PluginManager:220 - loadIPPluginJar : add radio
2025-09-24 16:16:34,522 [INFO] IPUIPlugin:80 - create IPUIPlugin
2025-09-24 16:16:34,522 [INFO] PluginManager:220 - loadIPPluginJar : add can
2025-09-24 16:16:34,523 [INFO] IPUIPlugin:80 - create IPUIPlugin
2025-09-24 16:16:34,523 [INFO] PluginManager:220 - loadIPPluginJar : add dma3
2025-09-24 16:16:34,524 [INFO] IPUIPlugin:80 - create IPUIPlugin
2025-09-24 16:16:34,524 [INFO] PluginManager:220 - loadIPPluginJar : add dfsdm
2025-09-24 16:16:34,525 [INFO] IPUIPlugin:80 - create IPUIPlugin
2025-09-24 16:16:34,525 [INFO] PluginManager:220 - loadIPPluginJar : add spi
2025-09-24 16:16:34,526 [INFO] IPUIPlugin:80 - create IPUIPlugin
2025-09-24 16:16:34,527 [INFO] PluginManager:220 - loadIPPluginJar : add gfxmmu
2025-09-24 16:16:34,528 [INFO] IPUIPlugin:80 - create IPUIPlugin
2025-09-24 16:16:34,528 [INFO] PluginManager:220 - loadIPPluginJar : add genericplugin
2025-09-24 16:16:34,529 [INFO] IPUIPlugin:80 - create IPUIPlugin
2025-09-24 16:16:34,530 [INFO] PluginManager:220 - loadIPPluginJar : add cryp
2025-09-24 16:16:34,531 [INFO] IPUIPlugin:80 - create IPUIPlugin
2025-09-24 16:16:34,532 [INFO] PluginManager:220 - loadIPPluginJar : add gpio
2025-09-24 16:16:34,534 [INFO] IPUIPlugin:80 - create IPUIPlugin
2025-09-24 16:16:34,534 [INFO] PluginManager:220 - loadIPPluginJar : add ddr_ctrl_phy
2025-09-24 16:16:34,535 [INFO] IPUIPlugin:80 - create IPUIPlugin
2025-09-24 16:16:34,535 [INFO] PluginManager:220 - loadIPPluginJar : add comp
2025-09-24 16:16:34,537 [INFO] IPUIPlugin:80 - create IPUIPlugin
2025-09-24 16:16:34,537 [INFO] PluginManager:220 - loadIPPluginJar : add tracer_emb
2025-09-24 16:16:34,539 [INFO] IPUIPlugin:80 - create IPUIPlugin
2025-09-24 16:16:34,539 [INFO] PluginManager:220 - loadIPPluginJar : add openamp
2025-09-24 16:16:34,542 [INFO] IPUIPlugin:80 - create IPUIPlugin
2025-09-24 16:16:34,542 [INFO] PluginManager:220 - loadIPPluginJar : add stm32_wpan
2025-09-24 16:16:34,547 [INFO] IPUIPlugin:80 - create IPUIPlugin
2025-09-24 16:16:34,549 [INFO] PluginManager:220 - loadIPPluginJar : add plateformsettings
2025-09-24 16:16:34,550 [INFO] IPUIPlugin:80 - create IPUIPlugin
2025-09-24 16:16:34,550 [INFO] PluginManager:220 - loadIPPluginJar : add ipddr
2025-09-24 16:16:34,552 [INFO] IPUIPlugin:80 - create IPUIPlugin
2025-09-24 16:16:34,552 [INFO] PluginManager:220 - loadIPPluginJar : add usart
2025-09-24 16:16:34,552 [INFO] IPUIPlugin:80 - create IPUIPlugin
2025-09-24 16:16:34,552 [INFO] PluginManager:220 - loadIPPluginJar : add ltdc
2025-09-24 16:16:34,554 [INFO] IPUIPlugin:80 - create IPUIPlugin
2025-09-24 16:16:34,554 [INFO] PluginManager:220 - loadIPPluginJar : add nvic
2025-09-24 16:16:34,555 [INFO] IPUIPlugin:80 - create IPUIPlugin
2025-09-24 16:16:34,555 [INFO] PluginManager:220 - loadIPPluginJar : add fatfs
2025-09-24 16:16:34,559 [INFO] IPUIPlugin:80 - create IPUIPlugin
2025-09-24 16:16:34,559 [INFO] PluginManager:220 - loadIPPluginJar : add linkedlist
2025-09-24 16:16:34,562 [INFO] IPUIPlugin:80 - create IPUIPlugin
2025-09-24 16:16:34,562 [INFO] PluginManager:220 - loadIPPluginJar : add dma
2025-09-24 16:16:34,565 [INFO] IPUIPlugin:80 - create IPUIPlugin
2025-09-24 16:16:34,565 [INFO] PluginManager:220 - loadIPPluginJar : add fmc
2025-09-24 16:16:34,566 [INFO] IPUIPlugin:80 - create IPUIPlugin
2025-09-24 16:16:34,566 [INFO] PluginManager:220 - loadIPPluginJar : add i2s
2025-09-24 16:16:34,566 [INFO] IPUIPlugin:80 - create IPUIPlugin
2025-09-24 16:16:34,566 [INFO] PluginManager:220 - loadIPPluginJar : add ucpd
2025-09-24 16:16:34,568 [INFO] IPUIPlugin:80 - create IPUIPlugin
2025-09-24 16:16:34,568 [INFO] PluginManager:220 - loadIPPluginJar : add lorawan
2025-09-24 16:16:34,569 [INFO] IPUIPlugin:80 - create IPUIPlugin
2025-09-24 16:16:34,569 [INFO] PluginManager:220 - loadIPPluginJar : add opamp
2025-09-24 16:16:34,570 [INFO] IPUIPlugin:80 - create IPUIPlugin
2025-09-24 16:16:34,570 [INFO] PluginManager:220 - loadIPPluginJar : add i3c
2025-09-24 16:16:34,572 [INFO] IPUIPlugin:80 - create IPUIPlugin
2025-09-24 16:16:34,572 [INFO] PluginManager:220 - loadIPPluginJar : add touchsensing
2025-09-24 16:16:34,575 [INFO] IPUIPlugin:80 - create IPUIPlugin
2025-09-24 16:16:34,575 [INFO] PluginManager:220 - loadIPPluginJar : add i2c
2025-09-24 16:16:34,577 [INFO] IPUIPlugin:80 - create IPUIPlugin
2025-09-24 16:16:34,577 [INFO] PluginManager:220 - loadIPPluginJar : add resmgrutility
2025-09-24 16:16:34,579 [INFO] IPUIPlugin:80 - create IPUIPlugin
2025-09-24 16:16:34,579 [INFO] PluginManager:220 - loadIPPluginJar : add sai
2025-09-24 16:16:34,580 [INFO] IPUIPlugin:80 - create IPUIPlugin
2025-09-24 16:16:34,580 [INFO] PluginManager:220 - loadIPPluginJar : add usbx
2025-09-24 16:16:34,690 [FATAL] Updater:351 - Updater called before beeing initialized
2025-09-24 16:16:34,736 [INFO] RulesReader:64 - Compatibility file has been processed (317 Rules)
2025-09-24 16:16:34,750 [INFO] RulesReader:64 - Compatibility file has been processed (317 Rules)
2025-09-24 16:16:34,757 [INFO] CADModel:165 - CPN selected for project level
2025-09-24 16:16:34,757 [INFO] CADModel:114 - Register for checkConnection events
2025-09-24 16:16:34,757 [FATAL] Updater:351 - Updater called before beeing initialized
2025-09-24 16:16:34,757 [ERROR] CADModel:125 - Updater not yet initialized, retry later 
2025-09-24 16:16:35,038 [FATAL] Updater:351 - Updater called before beeing initialized
2025-09-24 16:16:35,040 [INFO] CADModel:165 - CPN selected for project level
2025-09-24 16:16:35,040 [INFO] CADModel:114 - Register for checkConnection events
2025-09-24 16:16:35,040 [FATAL] Updater:351 - Updater called before beeing initialized
2025-09-24 16:16:35,040 [ERROR] CADModel:125 - Updater not yet initialized, retry later 
2025-09-24 16:16:35,043 [FATAL] Updater:351 - Updater called before beeing initialized
2025-09-24 16:16:35,220 [FATAL] Updater:351 - Updater called before beeing initialized
2025-09-24 16:16:35,224 [INFO] DbMcusAds:53 - JSON generation date=Tue Jul 08 15:14:23 ICT 2025 (1751962463524)
2025-09-24 16:16:35,224 [FATAL] Updater:351 - Updater called before beeing initialized
2025-09-24 16:16:35,273 [WARN] DetailPanel:346 - Failed to get advertising image, set to default
2025-09-24 16:16:35,333 [FATAL] Updater:351 - Updater called before beeing initialized
2025-09-24 16:16:35,336 [FATAL] Updater:351 - Updater called before beeing initialized
2025-09-24 16:16:35,337 [FATAL] Updater:351 - Updater called before beeing initialized
2025-09-24 16:16:35,337 [WARN] DetailPanel:346 - Failed to get advertising image, set to default
2025-09-24 16:16:35,339 [FATAL] Updater:351 - Updater called before beeing initialized
2025-09-24 16:16:35,385 [ERROR] Updater:1198 - MainUpdater not yet initialized. External WinMGr cannot be set.
2025-09-24 16:16:35,388 [INFO] Updater:1134 - Updater Version found : 6.15.0
2025-09-24 16:16:35,401 [INFO] ApplicationProperties:184 - Using Application install path: /Applications/STM32CubeIDE.app/Contents/Eclipse/plugins/com.st.stm32cube.common.mx_6.15.0.202507011659
2025-09-24 16:16:35,824 [INFO] MainUpdater:2872 - connection check result : 10
2025-09-24 16:16:35,826 [INFO] MainUpdater:289 - Updater Check For Update Now.
2025-09-24 16:16:35,827 [INFO] MicroXplorer:498 - Change Database Version : DB.6.0.150
2025-09-24 16:16:35,838 [INFO] McuFinderGlobals:63 - Set McuFinder mode to 2 (CubeIDE integrated)
2025-09-24 16:16:35,840 [INFO] UserAuth:487 - Internet connection configuration mode: 1
2025-09-24 16:16:35,865 [INFO] JxBrowserEngine:152 - Initiate JxBrowser Engine with user profile folder
2025-09-24 16:16:36,081 [INFO] CheckServerUpdateThread:120 - End of CheckServer Thread
2025-09-24 16:16:37,209 [WARN] PackLoader:240 - Cannot read IP mode file for STMicroelectronics.FP-SNS-MOTENVWB1.1.4.0
2025-09-24 16:16:37,230 [WARN] PackLoader:240 - Cannot read IP mode file for STMicroelectronics.FP-ATR-ASTRA1.2.0.2
2025-09-24 16:16:37,249 [WARN] PackLoader:240 - Cannot read IP mode file for STMicroelectronics.X-CUBE-SMBUS.2.1.0
2025-09-24 16:16:37,256 [WARN] PackLoader:240 - Cannot read IP mode file for STMicroelectronics.X-CUBE-ST60.1.0.0
2025-09-24 16:16:37,296 [WARN] PackLoader:240 - Cannot read IP mode file for STMicroelectronics.X-CUBE-AZRTOS-F7.1.1.0
2025-09-24 16:16:37,326 [WARN] PackLoader:240 - Cannot read IP mode file for WES.I-CUBE-Cesium.1.4.0
2025-09-24 16:16:37,412 [WARN] PackLoader:240 - Cannot read IP mode file for Infineon.AIROC-Wi-Fi-Bluetooth-STM32.1.7.1
2025-09-24 16:16:37,498 [WARN] PackLoader:240 - Cannot read IP mode file for STMicroelectronics.X-CUBE-AZRTOS-H7.3.4.0
2025-09-24 16:16:37,521 [WARN] PackLoader:240 - Cannot read IP mode file for STMicroelectronics.X-CUBE-DISPLAY.3.0.0
2025-09-24 16:16:37,553 [WARN] PackLoader:240 - Cannot read IP mode file for STMicroelectronics.X-CUBE-NFC10.1.0.0
2025-09-24 16:16:37,566 [WARN] PackLoader:240 - Cannot read IP mode file for emotas.I-CUBE-CANOPEN.1.3.0
2025-09-24 16:16:37,578 [WARN] PackLoader:240 - Cannot read IP mode file for STMicroelectronics.FP-SNS-STBOX1.2.1.0
2025-09-24 16:16:37,585 [WARN] PackLoader:240 - Cannot read IP mode file for STMicroelectronics.FP-SNS-SMARTAG2.1.2.0
2025-09-24 16:16:37,591 [WARN] PackLoader:240 - Cannot read IP mode file for STMicroelectronics.FP-SNS-FLIGHT1.5.1.0
2025-09-24 16:16:37,600 [INFO] LogOutputStream:77 - [STDOUT_REDIRECT] 1 : Invalid condition id : UX_CORESTACK_Condition cause : null
2025-09-24 16:16:37,601 [INFO] LogOutputStream:77 - [STDOUT_REDIRECT] 1 : Invalid condition id : UX_CORESTACK_Condition cause : null
2025-09-24 16:16:37,601 [INFO] LogOutputStream:77 - [STDOUT_REDIRECT] 1 : Invalid condition id : UX_CORESTACK_Condition cause : null
2025-09-24 16:16:37,601 [INFO] LogOutputStream:77 - [STDOUT_REDIRECT] 1 : Invalid condition id : UX_CORESTACK_Condition cause : null
2025-09-24 16:16:37,601 [INFO] LogOutputStream:77 - [STDOUT_REDIRECT] 1 : Invalid condition id : UX_CORESTACK_Condition cause : null
2025-09-24 16:16:37,613 [WARN] PackLoader:240 - Cannot read IP mode file for STMicroelectronics.X-CUBE-AZRTOS-WL.2.0.0
2025-09-24 16:16:37,623 [WARN] PackLoader:240 - Cannot read IP mode file for STMicroelectronics.FP-SNS-MOTENV1.5.0.0
2025-09-24 16:16:37,635 [WARN] PackLoader:240 - Cannot read IP mode file for STMicroelectronics.X-CUBE-BLE2.3.3.0
2025-09-24 16:16:37,648 [WARN] PackLoader:240 - Cannot read IP mode file for STMicroelectronics.X-CUBE-NFC9.1.0.0
2025-09-24 16:16:37,663 [WARN] PackLoader:240 - Cannot read IP mode file for wolfSSL.I-CUBE-wolfSSL.5.8.2
2025-09-24 16:16:37,680 [WARN] PackLoader:240 - Cannot read IP mode file for STMicroelectronics.X-CUBE-BLE1.7.1.0
2025-09-24 16:16:37,685 [WARN] PackLoader:240 - Cannot read IP mode file for wolfSSL.I-CUBE-wolfMQTT.1.19.2
2025-09-24 16:16:37,690 [WARN] PackLoader:240 - Cannot read IP mode file for STMicroelectronics.X-CUBE-EEPRMA1.5.2.0
2025-09-24 16:16:37,713 [WARN] PackLoader:240 - Cannot read IP mode file for STMicroelectronics.X-CUBE-AZRTOS-G0.1.1.0
2025-09-24 16:16:37,731 [WARN] PackLoader:240 - Cannot read IP mode file for STMicroelectronics.X-CUBE-SAFEA1.1.2.2
2025-09-24 16:16:37,744 [WARN] PackLoader:240 - Cannot read IP mode file for STMicroelectronics.X-CUBE-NFC4.3.0.0
2025-09-24 16:16:37,764 [WARN] PackLoader:240 - Cannot read IP mode file for EmbeddedOffice.I-CUBE-FS-RTOS.1.0.1
2025-09-24 16:16:37,772 [WARN] PackLoader:240 - Cannot read IP mode file for STMicroelectronics.X-CUBE-WB05N.2.0.0
2025-09-24 16:16:37,778 [WARN] PackLoader:240 - Cannot read IP mode file for wolfSSL.I-CUBE-wolfTPM.3.8.0
2025-09-24 16:16:37,787 [WARN] PackLoader:240 - Cannot read IP mode file for STMicroelectronics.X-CUBE-TCPP.4.2.0
2025-09-24 16:16:37,793 [WARN] PackLoader:240 - Cannot read IP mode file for RealThread.X-CUBE-RT-Thread_Nano.4.1.1
2025-09-24 16:16:37,799 [WARN] PackLoader:240 - Cannot read IP mode file for STMicroelectronics.FP-ATR-SIGFOX1.3.2.0
2025-09-24 16:16:37,804 [WARN] PackLoader:240 - Cannot read IP mode file for ITTIA_DB.I-CUBE-ITTIADB.8.9.0
2025-09-24 16:16:37,812 [WARN] PackLoader:240 - Cannot read IP mode file for STMicroelectronics.X-CUBE-ST67W61.1.0.0
2025-09-24 16:16:37,817 [WARN] PackLoader:240 - Cannot read IP mode file for STMicroelectronics.X-CUBE-AI.10.2.0
2025-09-24 16:16:37,874 [WARN] PackLoader:240 - Cannot read IP mode file for SEGGER.I-CUBE-embOS.1.3.1
2025-09-24 16:16:38,180 [WARN] PackLoader:240 - Cannot read IP mode file for STMicroelectronics.X-CUBE-ALGOBUILD.1.4.0
2025-09-24 16:16:38,298 [WARN] PackLoader:240 - Cannot read IP mode file for STMicroelectronics.X-CUBE-MEMS1.11.3.0
2025-09-24 16:16:38,396 [WARN] PackLoader:240 - Cannot read IP mode file for STMicroelectronics.X-CUBE-PM33A1.1.0.0
2025-09-24 16:16:38,506 [WARN] PackLoader:240 - Cannot read IP mode file for STMicroelectronics.X-CUBE-AZRTOS-F4.1.1.0
2025-09-24 16:16:38,526 [WARN] PackLoader:240 - Cannot read IP mode file for Avnet-IotConnect.X-CUBE-IoTC-DA16k-PMOD.1.0.0
2025-09-24 16:16:38,537 [WARN] PackLoader:240 - Cannot read IP mode file for STMicroelectronics.X-CUBE-ISPU.2.1.0
2025-09-24 16:16:38,547 [WARN] PackLoader:240 - Cannot read IP mode file for STMicroelectronics.X-CUBE-NFC12.1.0.0
2025-09-24 16:16:38,572 [WARN] PackLoader:240 - Cannot read IP mode file for STMicroelectronics.X-CUBE-AZRTOS-L5.2.0.0
2025-09-24 16:16:38,593 [WARN] PackLoader:240 - Cannot read IP mode file for STMicroelectronics.X-CUBE-NFC6.3.1.0
2025-09-24 16:16:38,608 [WARN] PackLoader:240 - Cannot read IP mode file for STMicroelectronics.X-CUBE-FREERTOS.1.3.1
2025-09-24 16:16:38,619 [WARN] PackLoader:240 - Cannot read IP mode file for STMicroelectronics.FP-SNS-STAIOTCFT.1.0.0
2025-09-24 16:16:38,625 [WARN] PackLoader:240 - Cannot read IP mode file for STMicroelectronics.X-CUBE-DPower.1.3.0
2025-09-24 16:16:38,647 [WARN] ConditionMgr:438 - getConditionDescription Invalid condition id : LAN8742 Phy interface Condition cause : null
2025-09-24 16:16:38,649 [WARN] PackLoader:240 - Cannot read IP mode file for STMicroelectronics.X-CUBE-AZRTOS-L4.2.0.0
2025-09-24 16:16:38,652 [WARN] ConditionMgr:1044 - genDependencies : Invalid condition id : LAN8742 Phy interface Condition cause : null
2025-09-24 16:16:38,653 [WARN] ConditionMgr:1044 - genDependencies : Invalid condition id : LAN8742 Phy interface Condition cause : null
2025-09-24 16:16:38,654 [WARN] ConditionMgr:1044 - genDependencies : Invalid condition id : LAN8742 Phy interface Condition cause : null
2025-09-24 16:16:38,668 [WARN] PackLoader:240 - Cannot read IP mode file for STMicroelectronics.X-CUBE-SFXS2LP1.4.0.0
2025-09-24 16:16:38,690 [WARN] PackLoader:240 - Cannot read IP mode file for STMicroelectronics.X-CUBE-BLEMGR.4.1.0
2025-09-24 16:16:38,712 [WARN] ConditionMgr:438 - getConditionDescription Invalid condition id : UX DEVICE CLASS RTOS Condition cause : null
2025-09-24 16:16:38,712 [WARN] ConditionMgr:438 - getConditionDescription Invalid condition id : UX DEVICE CLASS RTOS Condition cause : null
2025-09-24 16:16:38,716 [WARN] PackLoader:240 - Cannot read IP mode file for STMicroelectronics.X-CUBE-AZRTOS-WB.2.0.0
2025-09-24 16:16:38,717 [WARN] ConditionMgr:1044 - genDependencies : Invalid condition id : UX DEVICE CLASS RTOS Condition cause : null
2025-09-24 16:16:38,718 [WARN] ConditionMgr:1044 - genDependencies : Invalid condition id : UX DEVICE CLASS RTOS Condition cause : null
2025-09-24 16:16:38,719 [WARN] ConditionMgr:1044 - genDependencies : Invalid condition id : UX DEVICE CLASS RTOS Condition cause : null
2025-09-24 16:16:38,720 [WARN] ConditionMgr:1044 - genDependencies : Invalid condition id : UX DEVICE CLASS RTOS Condition cause : null
2025-09-24 16:16:38,720 [WARN] ConditionMgr:1044 - genDependencies : Invalid condition id : UX DEVICE CLASS RTOS Condition cause : null
2025-09-24 16:16:38,734 [WARN] PackLoader:240 - Cannot read IP mode file for STMicroelectronics.X-CUBE-GNSS1.7.0.1
2025-09-24 16:16:38,754 [WARN] PackLoader:240 - Cannot read IP mode file for STMicroelectronics.X-CUBE-TOUCHGFX.4.25.0
2025-09-24 16:16:38,757 [WARN] ConditionMgr:438 - getConditionDescription Invalid condition id : Cortex-A Device cause : null
2025-09-24 16:16:38,816 [WARN] ConditionMgr:1044 - genDependencies : Invalid condition id : Cortex-A Device cause : null
2025-09-24 16:16:38,816 [WARN] ConditionMgr:1044 - genDependencies : Invalid condition id : Cortex-A Device cause : null
2025-09-24 16:16:38,817 [WARN] ConditionMgr:1044 - genDependencies : Invalid condition id : Cortex-A Device cause : null
2025-09-24 16:16:38,836 [WARN] PackLoader:240 - Cannot read IP mode file for STMicroelectronics.X-CUBE-SUBG2.5.0.0
2025-09-24 16:16:38,880 [WARN] PackLoader:240 - Cannot read IP mode file for STMicroelectronics.X-CUBE-AZRTOS-H7RS.1.1.0
2025-09-24 16:16:38,892 [WARN] PackLoader:240 - Cannot read IP mode file for Cesanta.I-CUBE-Mongoose.7.13.0
2025-09-24 16:16:38,906 [WARN] PackLoader:240 - Cannot read IP mode file for STMicroelectronics.X-CUBE-AZRTOS-G4.2.0.0
2025-09-24 16:16:38,911 [WARN] PackLoader:240 - Cannot read IP mode file for wolfSSL.I-CUBE-wolfSSH.1.4.20
2025-09-24 16:16:38,914 [WARN] PackLoader:240 - Cannot read IP mode file for STMicroelectronics.X-CUBE-NFC7.2.0.0
2025-09-24 16:16:38,925 [WARN] PackLoader:240 - Cannot read IP mode file for STMicroelectronics.X-CUBE-IPS.3.1.0
2025-09-24 16:16:38,932 [WARN] PackLoader:240 - Cannot read IP mode file for STMicroelectronics.X-CUBE-ALS.1.0.2
2025-09-24 16:16:38,938 [WARN] PackLoader:240 - Cannot read IP mode file for STMicroelectronics.X-CUBE-STSE01.1.0.0
2025-09-24 16:16:38,947 [WARN] PackLoader:240 - Cannot read IP mode file for portGmbH.I-Cube-SoM-uGOAL.1.1.0
2025-09-24 16:16:38,960 [WARN] PackLoader:240 - Cannot read IP mode file for STMicroelectronics.X-CUBE-TOF1.3.4.3
2025-09-24 16:16:38,969 [INFO] ThirdParty:978 - Integrity check success = true
2025-09-24 16:16:38,970 [INFO] IntegrityCheckThread:100 - exiting critical section [integrity check]
2025-09-24 16:16:38,970 [INFO] IntegrityCheckThread:103 - End integrity checks thread
2025-09-24 16:16:40,524 [INFO] WebApp:169 - Instantiating new browser for Auth
2025-09-24 16:16:41,886 [INFO] WebApp:463 - Apply proxy settings
2025-09-24 16:16:41,898 [INFO] WebApp:508 - Chromium authenticates against Manually configured proxy
2025-09-24 16:16:41,911 [INFO] WebApp:516 - Username used for proxy authentication: 
2025-09-24 16:16:41,952 [INFO] WebApp:900 - Register for checkConnection events
2025-09-24 16:16:41,953 [INFO] WebApp:463 - Apply proxy settings
2025-09-24 16:16:41,956 [INFO] WebApp:508 - Chromium authenticates against Manually configured proxy
2025-09-24 16:16:41,956 [INFO] WebApp:516 - Username used for proxy authentication: 
2025-09-24 16:16:42,103 [INFO] WebApp:225 - Starting web application
2025-09-24 16:16:42,103 [INFO] WebApp:593 - Web application path used /Applications/STM32CubeIDE.app/Contents/Eclipse/plugins/com.st.stm32cube.common.mx_6.15.0.202507011659/db/plugins/mcufinder/reactClient1/index.html
2025-09-24 16:16:42,681 [INFO] WebApp:191 - Connection restablished
2025-09-24 16:16:42,803 [INFO] UserAuth:487 - Internet connection configuration mode: 1
2025-09-24 16:23:30,525 [INFO] WebApp:194 - Connection lost
2025-09-24 16:24:07,879 [INFO] WebApp:191 - Connection restablished
2025-09-24 17:12:46,462 [INFO] WebApp:194 - Connection lost
2025-09-24 17:12:50,299 [INFO] WebApp:191 - Connection restablished
2025-09-24 17:31:01,610 [INFO] WebApp:194 - Connection lost
2025-09-24 17:31:14,339 [INFO] WebApp:191 - Connection restablished
2025-09-24 17:47:29,445 [INFO] WebApp:194 - Connection lost
2025-09-24 17:47:30,647 [INFO] WebApp:191 - Connection restablished
2025-09-24 17:47:39,083 [INFO] WebApp:194 - Connection lost
2025-09-24 17:47:40,063 [INFO] WebApp:191 - Connection restablished
2025-09-24 18:04:49,491 [INFO] WebApp:194 - Connection lost
2025-09-24 18:04:50,364 [INFO] WebApp:191 - Connection restablished
2025-09-24 18:20:45,287 [INFO] WebApp:194 - Connection lost
2025-09-24 18:20:45,650 [INFO] WebApp:191 - Connection restablished
2025-09-24 18:37:25,489 [INFO] WebApp:194 - Connection lost
2025-09-24 18:37:26,278 [INFO] WebApp:191 - Connection restablished
